kdkab,Kabupaten,Provinsi,kdprov,Wilayah,RLS_L,RLS_P,RLS_LP,HLS_L,HLS_P,HLS_LP,IPM_L,IPM_P,IPM_LP,TPT_L,TPT_P,TPT_LP,UHH_L,UHH_P,UHH_LP,TPAK_L,TPAK_P,TPAK_LP,IKG,IPG,PDRB,Penduduk,RLS_L-P,HLS_L-P,TPT_L-P,TPAK_L-P,UHH_L-P,PC1,PC2,PC3,PC4,PC5,UMAP1,UMAP2,umap_grp,dist_pc,lon,lat
1109,Simeulue,ACEH,11,SUMATERA,10.36,9.66,10.09,14.58,14.76,14.59,77.3,62.04,71.94,6.48,3.58,5.31,67.99,71.94,69.92,82.15,58.12,70.14,0.368,80.26,3437.91,100136,0.7,-0.18,2.9,24.03,-3.95,-0.13077,-0.23048,0.2965,2.31502,1.36475,6.38566,9.65867,G2,2.75663,96.08568,2.6133
1110,Aceh Singkil,ACEH,11,SUMATERA,9.35,8.64,9.05,14.41,14.16,14.37,78.41,67.24,72.62,4.25,10.24,6.55,68.23,72.17,70.15,70.54,44.68,57.61,0.478,85.75,3744.49,138070,0.71,0.25,-5.99,25.86,-3.94,0.632,2.85692,0.66677,2.19912,-1.82997,7.60959,10.87199,,3.83627,97.84425,2.34907
1101,Aceh Selatan,ACEH,11,SUMATERA,9.38,8.79,9.25,14.6,15.0,14.72,76.26,70.76,72.79,4.85,3.33,4.39,68.89,72.83,70.81,83.12,35.64,59.38,0.374,92.79,8035.17,244472,0.59,-0.4,1.52,47.48,-3.94,1.23907,1.87339,0.59028,1.39567,1.68348,7.15421,10.13258,,2.89726,97.43535,3.16287
1102,Aceh Tenggara,ACEH,11,SUMATERA,10.75,10.11,10.39,14.35,15.02,14.52,78.94,73.98,74.36,1.54,8.6,4.72,71.01,75.11,73.01,77.82,63.82,70.82,0.468,93.72,7230.21,237910,0.64,-0.67,-7.06,14.0,-4.1,0.51998,0.88319,-1.72946,1.46282,-2.65707,7.78835,10.10152,,3.67912,97.69554,3.3696
1103,Aceh Timur,ACEH,11,SUMATERA,8.93,8.63,8.8,12.9,13.14,13.09,76.6,67.22,72.2,4.8,13.48,7.74,70.49,74.51,72.45,81.01,41.37,61.19,0.602,87.75,15720.96,449080,0.3,-0.24,-8.68,39.64,-4.02,1.55096,4.04001,-0.07786,0.58325,-2.25443,8.32361,11.12241,,4.26161,97.62889,4.62913
1104,Aceh Tengah,ACEH,11,SUMATERA,10.37,10.27,10.35,14.37,15.65,15.04,78.43,77.02,78.09,3.23,5.03,4.03,71.2,75.5,73.29,85.7,69.33,77.52,0.34,98.2,11503.56,229608,0.1,-1.28,-1.8,16.37,-4.3,0.76584,-0.75102,-2.60939,0.99744,-0.36307,7.92632,7.90447,,2.58817,96.85899,4.53007
1105,Aceh Barat,ACEH,11,SUMATERA,10.34,10.1,10.27,14.94,15.04,14.94,80.52,70.23,76.3,5.32,5.69,5.46,70.35,74.36,72.31,74.28,47.0,60.64,0.368,87.22,14828.76,208812,0.24,-0.1,-0.37,27.28,-4.01,1.39665,0.81633,0.19754,2.01044,0.29126,7.17513,10.37407,,2.24499,96.18546,4.45664
1106,Aceh Besar,ACEH,11,SUMATERA,10.81,10.69,10.69,14.86,15.56,14.92,80.26,77.06,77.46,3.57,14.13,7.86,71.34,75.8,73.51,79.24,54.62,66.93,0.372,96.01,19555.16,434042,0.12,-0.7,-10.56,24.62,-4.46,2.4695,2.39167,-1.54198,1.20261,-3.65822,8.17393,11.12053,,5.00474,95.51499,5.38054
1107,Pidie,ACEH,11,SUMATERA,9.78,9.04,9.37,14.39,14.91,14.53,77.67,73.04,74.46,5.72,5.7,5.71,68.27,72.21,70.19,76.98,49.32,63.15,0.197,94.04,15561.75,456942,0.74,-0.52,0.02,27.66,-3.94,0.50094,1.17809,0.11644,2.03848,0.79698,6.89861,10.11283,,2.41423,96.00721,5.06816
1111,Bireuen,ACEH,11,SUMATERA,9.99,9.8,9.92,14.91,15.31,14.98,79.55,75.99,76.29,4.04,3.5,3.82,71.74,76.64,74.13,82.0,53.61,67.81,0.39,95.52,19823.76,464776,0.19,-0.4,0.54,28.39,-4.9,1.43474,-0.51181,-0.31192,0.41634,0.27651,11.66316,6.39105,G6,1.03361,96.60922,5.09346
1108,Aceh Utara,ACEH,11,SUMATERA,9.59,9.21,9.38,14.6,15.16,14.76,77.52,72.46,74.29,5.8,9.05,6.88,71.01,75.11,73.01,80.03,39.39,59.71,0.799,93.47,30809.53,638957,0.38,-0.56,-3.25,40.64,-4.1,2.20183,2.34628,0.10884,1.17913,-0.26526,8.96525,10.72554,,2.54069,97.18189,5.01491
1112,Aceh Barat Daya,ACEH,11,SUMATERA,9.28,9.01,9.11,13.69,14.86,13.7,77.74,70.71,72.1,1.8,6.76,3.66,69.03,72.98,70.95,75.66,45.89,60.78,0.291,90.96,5788.24,161341,0.27,-1.17,-4.96,29.77,-3.95,0.84672,2.64136,-1.79375,0.86529,-0.42738,8.13696,10.55483,G4,2.86427,96.87832,3.8249
1113,Gayo Lues,ACEH,11,SUMATERA,9.28,8.17,8.75,14.45,14.94,14.73,77.41,70.32,72.61,3.07,1.28,2.24,68.2,72.14,70.12,84.03,72.79,78.41,0.608,90.84,3799.99,108672,1.11,-0.49,1.79,11.24,-3.94,-1.91215,-1.26801,-0.99714,1.81795,0.51272,6.73494,7.96386,G2,2.51826,97.35753,3.98193
1116,Aceh Tamiang,ACEH,11,SUMATERA,9.53,9.25,9.42,14.25,14.57,14.52,80.84,67.72,74.78,6.62,7.03,6.78,71.73,76.63,74.12,85.04,54.24,69.64,0.491,83.77,12005.78,312820,0.28,-0.32,-0.41,30.8,-4.9,1.60705,0.07156,0.33292,0.38202,0.00082,10.99192,8.49849,,0.96333,97.97702,4.22788
1115,Nagan Raya,ACEH,11,SUMATERA,9.72,9.4,9.57,13.96,14.51,14.19,78.38,71.66,73.87,3.76,7.85,5.06,70.97,75.03,72.95,87.38,40.97,64.18,0.506,91.43,13307.88,178460,0.32,-0.55,-4.09,46.41,-4.06,1.72763,2.55271,-0.49583,0.53195,-0.60449,8.97582,10.75475,,2.46682,96.50678,4.15541
1114,Aceh Jaya,ACEH,11,SUMATERA,9.6,8.9,9.34,14.06,14.24,14.07,78.83,71.21,74.2,0.0,6.57,2.57,69.21,73.17,71.15,85.51,55.84,70.68,0.286,90.33,3878.75,100738,0.7,-0.18,-6.57,29.67,-3.96,-0.33839,1.97717,-1.21215,0.94448,-2.30639,7.88483,10.72231,G4,3.33502,95.67871,4.83218
1117,Bener Meriah,ACEH,11,SUMATERA,10.43,10.36,10.41,13.73,14.19,13.93,79.42,77.24,77.48,1.21,3.14,2.1,71.18,75.47,73.27,88.73,77.29,83.01,0.541,97.26,7053.89,174824,0.07,-0.46,-1.93,11.44,-4.29,-0.69563,-1.30006,-2.3698,0.59974,-1.09548,8.40144,6.40932,,2.68983,97.0073,4.76723
1118,Pidie Jaya,ACEH,11,SUMATERA,10.03,9.65,9.8,14.89,15.3,15.02,80.22,76.71,77.04,2.44,5.86,3.67,71.41,75.94,73.62,78.31,42.72,60.52,0.306,95.62,5014.53,168546,0.38,-0.41,-3.42,35.59,-4.53,1.82519,1.42568,-0.35337,0.67694,-0.85428,9.08245,10.66222,,1.92331,96.21675,5.12454
1171,Kota Banda Aceh,ACEH,11,SUMATERA,13.47,13.29,13.37,17.89,18.09,17.95,91.05,88.63,89.55,5.77,9.71,7.3,72.96,78.66,75.74,79.61,50.48,65.05,0.166,97.34,27963.46,267962,0.18,-0.2,-3.94,29.13,-5.7,4.61761,-0.80959,0.13274,1.68082,-2.43826,13.10855,6.38791,G6,4.03332,95.32682,5.5593
1172,Kota Sabang,ACEH,11,SUMATERA,11.35,11.22,11.23,14.98,15.2,14.98,82.31,79.33,80.04,1.86,3.82,2.67,71.58,76.3,73.88,79.87,56.02,67.95,0.188,96.38,1973.97,44042,0.13,-0.22,-1.96,23.85,-4.72,1.33363,-0.34255,-0.92847,0.85299,-0.95618,11.7695,6.08254,G6,1.73951,95.30544,5.83842
1174,Kota Langsa,ACEH,11,SUMATERA,11.7,11.38,11.6,15.24,16.62,15.72,84.06,81.37,81.77,5.35,11.13,7.31,71.92,77.02,74.41,80.2,40.66,60.43,0.529,96.8,7723.06,201058,0.32,-1.38,-5.78,39.54,-5.1,4.15613,1.75662,-0.93557,0.69119,-1.37975,13.40649,7.14348,,3.19371,97.98226,4.48312
1173,Kota Lhokseumawe,ACEH,11,SUMATERA,11.71,11.64,11.64,15.3,15.99,15.56,84.38,81.7,81.75,8.29,8.17,8.24,72.59,78.13,75.29,79.61,49.98,64.8,0.254,96.82,12720.91,203410,0.07,-0.69,0.12,29.63,-5.54,3.69388,-0.63934,0.3717,0.71429,0.13439,13.29313,6.62884,G6,2.14401,97.11031,5.16449
1175,Kota Subulussalam,ACEH,11,SUMATERA,9.31,8.21,8.75,14.97,15.35,15.32,77.19,66.5,71.63,2.94,8.28,4.87,68.08,72.02,70.01,85.84,49.8,67.82,0.527,86.15,2988.08,101282,1.1,-0.38,-5.34,36.04,-3.94,0.29233,2.3378,-0.34258,1.70635,-1.61788,7.81644,10.81426,G4,3.1327,97.9374,2.73585
1204,Nias,SUMATERA UTARA,12,SUMATERA,7.69,5.47,6.41,13.37,12.91,13.32,70.13,64.17,66.79,1.23,2.92,2.08,70.09,74.08,72.04,79.78,75.15,77.47,0.587,91.5,5668.82,157513,2.22,0.46,-1.69,4.63,-3.99,-3.73698,-0.74219,0.821,1.00283,-1.6675,4.73864,7.77809,G1,3.00677,97.73177,1.06502
1213,Mandailing Natal,SUMATERA UTARA,12,SUMATERA,9.37,9.08,9.17,13.75,14.22,14.1,78.42,73.84,74.26,5.98,8.79,7.18,70.11,74.11,72.06,83.18,60.08,71.63,0.504,94.16,22043.92,513536,0.29,-0.47,-2.81,23.1,-4.0,0.56154,1.00263,-0.64057,1.39272,-0.56924,7.73802,9.5297,,1.82933,99.36943,0.77437
1203,Tapanuli Selatan,SUMATERA UTARA,12,SUMATERA,9.88,9.38,9.6,13.89,14.32,13.9,80.13,73.23,75.78,2.64,4.26,3.35,70.02,74.01,71.97,85.04,65.6,75.32,0.496,91.39,23638.0,320330,0.5,-0.43,-1.62,19.44,-3.99,-0.57479,0.01071,-1.27908,1.10163,-0.4854,7.31956,8.40061,G2,1.66365,99.25807,1.49276
1201,Tapanuli Tengah,SUMATERA UTARA,12,SUMATERA,9.21,8.91,8.93,13.14,13.97,13.51,76.95,73.63,73.97,6.24,8.41,7.21,70.24,74.25,72.2,85.66,69.27,77.47,0.44,95.69,14559.65,402904,0.3,-0.83,-2.17,16.39,-4.01,-0.06478,0.32466,-1.29724,1.07379,-0.27922,7.85672,8.75314,,1.59135,98.66114,1.83507
1202,Tapanuli Utara,SUMATERA UTARA,12,SUMATERA,10.73,10.33,10.5,13.69,14.23,13.75,79.22,78.09,78.09,0.39,1.84,1.1,72.11,77.41,74.7,85.1,80.74,82.92,0.29,98.57,12051.74,330856,0.4,-0.54,-1.45,4.36,-5.3,-0.64339,-2.52726,-1.99716,-0.39636,-1.42221,8.65038,6.1066,,3.15826,99.07169,1.9895
1212,Toba,SUMATERA UTARA,12,SUMATERA,10.94,10.66,10.78,13.69,14.16,13.82,79.75,79.14,79.17,0.88,1.15,1.0,72.33,77.76,74.98,84.2,72.5,78.35,0.409,99.24,10831.86,219580,0.28,-0.47,-0.27,11.7,-5.43,0.03559,-2.28764,-1.50835,-0.54614,-0.79047,8.70472,6.14242,,2.4995,99.26421,2.37973
1210,Labuhan Batu,SUMATERA UTARA,12,SUMATERA,9.74,9.31,9.53,13.29,13.65,13.3,80.2,73.32,75.79,5.24,6.08,5.53,71.3,75.71,73.45,85.06,46.87,65.97,0.472,91.42,54829.28,527043,0.43,-0.36,-0.84,38.19,-4.41,1.15785,1.24757,0.29129,0.24044,0.35377,9.26023,10.45024,,1.29613,100.0564,2.27872
1209,Asahan,SUMATERA UTARA,12,SUMATERA,9.31,8.86,9.06,12.84,13.35,12.84,79.12,73.3,75.13,4.71,6.68,5.46,71.61,76.36,73.93,85.05,52.98,69.02,0.443,92.64,63144.24,824597,0.45,-0.51,-1.97,32.07,-4.75,0.81806,0.94523,-0.06541,-0.3855,-0.20052,9.64712,10.17849,G4,0.98885,99.56256,2.80237
1208,Simalungun,SUMATERA UTARA,12,SUMATERA,9.94,9.55,9.74,13.08,13.67,13.16,80.03,75.35,76.48,4.31,4.72,4.48,72.04,77.27,74.59,88.81,60.16,74.49,0.443,94.15,64810.17,1067499,0.39,-0.59,-0.41,28.65,-5.23,0.81449,-0.46239,-0.39017,-0.77545,-0.04356,10.23017,8.68631,G4,1.01147,99.03306,2.97684
1211,Dairi,SUMATERA UTARA,12,SUMATERA,10.15,10.06,10.09,13.33,13.63,13.54,76.89,76.32,76.68,1.13,1.3,1.21,72.12,77.43,74.71,87.85,78.66,83.26,0.29,99.26,13617.06,336403,0.09,-0.3,-0.17,9.19,-5.31,-0.61683,-2.46855,-1.69654,-0.67721,-0.85107,8.67029,6.11941,,2.76605,98.26732,2.84361
1206,Karo,SUMATERA UTARA,12,SUMATERA,10.28,10.3,10.3,12.94,13.78,13.27,78.94,76.83,78.1,1.76,2.1,1.93,72.12,77.43,74.71,88.73,83.42,86.08,0.262,97.33,30462.81,432049,-0.02,-0.84,-0.34,5.31,-5.31,-0.50239,-2.6481,-2.48802,-0.77241,-0.62806,8.6513,6.09944,,3.22652,98.29603,3.12068
1207,Deli Serdang,SUMATERA UTARA,12,SUMATERA,10.88,10.46,10.5,13.39,14.0,13.46,82.51,76.45,78.29,7.1,8.6,7.69,71.67,76.49,74.02,84.86,55.45,70.16,0.352,92.66,162247.88,2078046,0.42,-0.61,-1.5,29.41,-4.82,1.70175,0.42442,0.08847,0.38286,-0.18415,11.10742,8.64648,,1.04711,98.69406,3.4801
1205,Langkat,SUMATERA UTARA,12,SUMATERA,9.06,8.55,8.95,13.29,13.55,13.29,79.27,71.72,75.58,4.57,7.98,5.85,72.12,77.44,74.72,88.04,53.45,70.75,0.313,90.48,68152.02,1089969,0.51,-0.26,-3.41,34.59,-5.32,1.23164,0.81715,0.35075,-0.90709,-1.20912,11.29376,9.72349,,1.88186,98.22024,3.71078
1214,Nias Selatan,SUMATERA UTARA,12,SUMATERA,7.51,5.81,6.61,13.0,13.12,13.12,71.79,64.65,66.74,4.35,1.37,2.98,69.97,73.97,71.92,85.04,72.48,78.76,0.599,90.05,9629.63,397224,1.7,-0.12,2.98,12.56,-4.0,-3.00888,-1.23872,0.53928,0.71464,0.8473,4.86284,7.6866,G1,2.25314,98.10351,0.32079
1216,Humbang Hasundutan,SUMATERA UTARA,12,SUMATERA,10.58,10.11,10.26,13.47,14.47,13.47,74.94,73.78,73.93,1.18,0.22,0.72,72.01,77.21,74.55,91.56,82.48,87.02,0.313,98.45,8831.08,209460,0.47,-1.0,0.96,9.08,-5.2,-0.91009,-2.91145,-2.37024,-0.74702,-0.16837,8.54839,6.0932,,3.26187,98.5715,2.2713
1215,Pakpak Bharat,SUMATERA UTARA,12,SUMATERA,10.12,9.58,9.94,12.9,15.08,13.92,74.34,73.87,73.89,1.16,0.63,0.91,71.23,75.57,73.35,90.62,83.89,87.26,0.417,99.37,1871.67,57246,0.54,-2.18,0.53,6.73,-4.34,-0.9842,-2.29226,-4.11241,0.06579,0.63554,8.43514,6.11282,,4.09694,98.24066,2.55413
1217,Samosir,SUMATERA UTARA,12,SUMATERA,10.26,9.35,9.81,13.4,14.52,13.53,76.32,74.62,74.63,1.28,0.45,0.87,72.1,77.39,74.68,86.67,82.94,84.81,0.293,97.77,6509.11,144813,0.91,-1.12,0.83,3.73,-5.29,-1.16288,-3.06698,-2.04464,-0.63517,-0.29353,8.56295,6.03322,,3.20372,98.72135,2.5588
1218,Serdang Bedagai,SUMATERA UTARA,12,SUMATERA,9.34,8.92,9.13,12.61,12.87,12.66,78.92,71.01,74.69,2.76,6.8,4.31,71.5,76.13,73.76,89.69,56.01,72.85,0.26,89.98,46220.2,700077,0.42,-0.26,-4.04,33.68,-4.63,0.30711,1.25913,-0.48373,-0.5881,-1.23938,9.81514,10.25475,,1.86543,99.05753,3.36642
1219,Batu Bara,SUMATERA UTARA,12,SUMATERA,8.92,8.63,8.71,12.96,13.39,13.13,78.61,66.55,73.92,5.09,5.97,5.44,71.26,75.64,73.4,85.13,55.57,70.35,0.218,84.66,51388.29,443998,0.29,-0.43,-0.88,29.56,-4.38,0.4318,0.73583,-0.24485,0.10373,0.25021,9.08787,10.00054,G4,0.73839,99.47503,3.23399
1220,Padang Lawas Utara,SUMATERA UTARA,12,SUMATERA,10.22,9.89,10.05,13.63,13.73,13.73,79.83,70.85,75.12,3.44,4.14,3.73,69.99,73.99,71.94,87.36,64.58,75.97,0.523,88.75,19536.99,285659,0.33,-0.1,-0.7,22.78,-4.0,-0.44258,-0.07757,-0.84319,1.14714,-0.25691,7.18558,8.7378,G2,1.39402,99.75745,1.59326
1221,Padang Lawas,SUMATERA UTARA,12,SUMATERA,9.76,9.49,9.64,13.61,14.11,14.11,77.94,68.22,73.9,4.74,5.41,5.03,69.92,73.91,71.87,90.35,67.43,78.89,0.799,87.53,20555.91,285704,0.27,-0.5,-0.67,22.92,-3.99,-0.18561,-0.12516,-1.24207,1.1727,-0.03183,7.43663,8.6263,G2,1.58074,99.84412,1.1404
1222,Labuhan Batu Selatan,SUMATERA UTARA,12,SUMATERA,9.46,9.23,9.29,13.21,13.98,13.54,80.35,71.86,75.74,3.11,3.33,3.19,71.01,75.11,73.01,86.77,51.87,69.32,0.535,89.43,46170.5,342225,0.23,-0.77,-0.22,34.9,-4.1,0.52393,0.8268,-1.08505,0.21825,0.79027,8.58204,9.96202,G4,1.48809,100.13054,1.83887
1223,Labuhan Batu Utara,SUMATERA UTARA,12,SUMATERA,9.42,8.99,9.15,13.36,13.9,13.59,80.67,73.85,76.71,2.31,7.27,4.21,71.95,77.07,74.45,89.69,56.79,73.24,0.566,91.55,39677.85,415485,0.43,-0.54,-4.96,32.9,-5.12,0.96834,0.88937,-0.81741,-0.88223,-1.75586,10.53075,10.25064,G4,2.41084,99.75247,2.4063
1224,Nias Utara,SUMATERA UTARA,12,SUMATERA,8.41,6.12,7.25,13.39,13.33,13.38,73.74,60.13,67.38,2.31,2.49,2.4,70.52,74.54,72.48,83.43,74.56,79.0,0.529,81.54,5128.29,161442,2.29,0.06,-0.18,8.87,-4.02,-3.22351,-1.12218,0.63891,0.95732,-0.91958,4.84155,7.6627,G1,2.42751,97.35548,1.31278
1225,Nias Barat,SUMATERA UTARA,12,SUMATERA,9.06,6.29,7.43,13.34,13.05,13.17,72.99,64.13,66.65,1.05,0.9,0.97,70.85,74.88,72.82,86.79,78.8,82.8,0.507,87.86,2671.71,99124,2.77,0.29,0.15,7.99,-4.03,-4.05587,-1.71705,0.89063,0.80206,-1.28814,4.79325,7.70449,G1,3.11211,97.49517,1.02892
1273,Kota Sibolga,SUMATERA UTARA,12,SUMATERA,10.44,10.47,10.46,12.94,13.96,13.44,79.06,78.11,78.11,6.91,5.74,6.44,71.9,76.98,74.38,82.71,55.47,69.09,0.135,98.8,7575.0,92244,-0.03,-1.02,1.17,27.24,-5.08,1.97037,-0.36426,-0.55304,-0.09942,1.16161,11.38235,7.22028,,1.74093,98.78591,1.73836
1274,Kota Tanjung Balai,SUMATERA UTARA,12,SUMATERA,9.64,10.14,9.9,12.72,13.45,13.16,80.33,73.99,76.7,2.74,5.4,3.81,71.92,77.01,74.4,86.16,59.59,72.88,0.132,92.11,13141.28,188063,-0.5,-0.73,-2.66,26.57,-5.09,1.29525,0.20822,-1.74325,-0.8804,-0.50993,9.85611,9.08246,G4,1.95001,99.79499,2.96442
1272,Kota Pematang Siantar,SUMATERA UTARA,12,SUMATERA,11.91,11.76,11.83,14.99,14.62,14.62,84.01,81.05,81.71,10.87,3.81,7.74,73.85,77.62,75.42,83.67,64.19,73.93,0.129,96.48,18451.1,279198,0.15,0.37,7.06,19.48,-3.77,1.08476,-2.52705,1.16698,2.45527,2.19054,7.61603,7.40288,,4.1653,99.05876,2.9622
1276,Kota Tebing Tinggi,SUMATERA UTARA,12,SUMATERA,11.13,10.87,10.88,13.01,13.23,13.14,82.59,78.06,79.26,6.87,4.69,5.99,72.03,77.25,74.58,87.58,56.51,72.05,0.2,94.52,8265.04,182968,0.26,-0.22,2.18,31.07,-5.22,1.42313,-0.83356,0.6271,-0.19612,0.84559,11.93388,7.16711,G6,1.48978,99.15571,3.32836
1271,Kota Medan,SUMATERA UTARA,12,SUMATERA,11.87,11.75,11.8,14.66,14.99,14.8,87.22,83.33,83.74,7.88,8.16,7.99,72.79,78.43,75.54,78.86,52.79,65.83,0.132,95.54,353289.26,2498293,0.12,-0.33,-0.28,26.07,-5.64,3.20622,-0.80142,0.7065,0.48581,-0.3126,13.28157,6.70134,G6,1.98447,98.66799,3.62766
1275,Kota Binjai,SUMATERA UTARA,12,SUMATERA,11.4,11.06,11.21,14.17,14.26,14.19,83.3,76.74,79.2,6.66,3.54,5.37,72.19,77.56,74.81,76.87,53.09,64.98,0.294,92.12,16644.36,310932,0.34,-0.09,3.12,23.78,-5.37,1.84036,-1.42286,1.02771,0.48511,0.95781,12.12974,6.83577,G6,2.10002,98.48871,3.59949
1277,Kota Padangsidimpuan,SUMATERA UTARA,12,SUMATERA,11.29,11.14,11.22,14.15,15.34,14.72,80.66,79.18,79.19,7.75,5.94,7.0,71.63,76.42,73.97,80.47,58.78,69.63,0.183,98.17,9132.34,243843,0.15,-1.19,1.81,21.69,-4.79,2.1917,-0.98359,-0.78585,1.08548,1.22044,11.30046,6.51411,G6,2.31927,99.2808,1.39631
1278,Kota Gunungsitoli,SUMATERA UTARA,12,SUMATERA,10.15,8.17,8.95,13.88,14.29,13.95,78.64,71.59,73.29,5.26,1.12,3.29,71.96,77.1,74.47,77.64,65.12,71.38,0.319,91.04,7647.11,147516,1.98,-0.41,4.14,12.52,-5.14,-0.87418,-2.45498,1.32217,0.38867,0.88673,6.11064,6.96485,,2.57913,97.58309,1.26509
1309,Kepulauan Mentawai,SUMATERA BARAT,13,SUMATERA,8.47,7.77,8.21,13.17,13.1,13.17,72.24,65.74,67.62,1.17,1.96,1.53,69.46,73.43,71.4,85.58,78.83,82.21,0.841,91.0,6590.78,94049,0.7,0.07,-0.79,6.75,-3.97,-2.72699,-1.0146,-1.23331,0.81321,-0.76995,6.34584,8.04007,G2,2.28071,99.33619,-1.84852
1301,Pesisir Selatan,SUMATERA BARAT,13,SUMATERA,8.98,9.1,9.06,13.37,14.2,13.38,76.7,73.72,73.72,5.02,5.24,5.1,71.45,76.03,73.68,86.72,54.08,70.4,0.372,96.11,20357.36,540381,-0.12,-0.83,-0.22,32.64,-4.58,1.14221,0.58246,-0.94028,-0.25122,0.81042,9.20392,9.79096,G4,1.44942,100.8807,-1.73828
1302,Solok,SUMATERA BARAT,13,SUMATERA,8.28,8.15,8.25,12.97,14.4,13.66,75.98,73.25,73.26,3.5,6.26,4.7,70.85,74.88,72.82,87.3,66.95,77.13,0.196,96.41,19412.79,415442,0.13,-1.43,-2.76,20.35,-4.03,-0.01879,0.54402,-2.5537,0.24275,-0.07635,7.85851,8.13747,,2.25447,100.81872,-0.96243
1303,Sijunjung,SUMATERA BARAT,13,SUMATERA,8.68,8.66,8.66,12.74,13.68,12.99,77.44,73.44,73.73,3.62,5.95,4.59,71.2,75.51,73.3,87.16,63.33,75.25,0.477,94.83,13536.75,249794,0.02,-0.94,-2.33,23.83,-4.31,0.12734,0.58326,-1.75853,-0.17949,-0.11648,7.94051,8.14206,,1.60187,101.08951,-0.68409
1304,Tanah Datar,SUMATERA BARAT,13,SUMATERA,9.21,9.6,9.46,14.35,15.34,15.06,77.99,76.73,77.04,5.31,5.2,5.26,71.88,76.94,74.35,84.45,61.11,72.78,0.221,98.38,18472.04,392744,-0.39,-0.99,0.11,23.34,-5.06,1.82908,-0.79262,-1.4923,0.05737,0.46071,11.08435,6.33159,G6,1.79949,100.58607,-0.46054
1305,Padang Pariaman,SUMATERA BARAT,13,SUMATERA,9.07,8.65,8.78,13.89,15.08,14.21,79.49,75.3,75.71,6.37,6.65,6.48,71.68,76.52,74.04,81.28,53.44,67.36,0.724,94.73,27793.21,467038,0.42,-1.19,-0.28,27.84,-4.84,1.59002,0.28623,-0.49681,0.10635,0.72388,9.10478,9.3606,G4,1.25545,100.22772,-0.56234
1306,Agam,SUMATERA BARAT,13,SUMATERA,9.14,9.7,9.57,14.14,14.92,14.26,77.76,76.03,76.04,5.05,4.24,4.71,72.07,77.32,74.63,80.91,58.08,69.5,0.146,97.78,29599.64,566764,-0.56,-0.78,0.81,22.83,-5.25,1.81023,-0.77844,-1.13777,-0.35004,0.78157,11.11831,6.41996,G6,1.76626,100.16851,-0.24943
1307,Lima Puluh Kota,SUMATERA BARAT,13,SUMATERA,8.77,8.48,8.49,13.25,14.02,13.53,76.7,73.24,73.43,3.44,4.23,3.78,71.42,75.97,73.64,85.1,63.31,74.21,0.401,95.49,22486.38,405714,0.29,-0.77,-0.79,21.79,-4.55,-0.0269,-0.17506,-1.21201,-0.14049,0.11168,8.05364,7.73157,,1.06811,100.56592,0.02978
1308,Pasaman,SUMATERA BARAT,13,SUMATERA,8.54,8.47,8.49,13.43,14.34,13.65,75.22,70.16,71.6,4.3,6.71,5.29,70.8,74.83,72.76,85.08,60.13,72.61,0.493,93.27,12909.78,322934,0.07,-0.91,-2.41,24.95,-4.03,0.34495,0.95524,-1.5661,0.48464,-0.04218,7.9964,8.86561,,1.63938,100.08276,0.38729
1311,Solok Selatan,SUMATERA BARAT,13,SUMATERA,9.01,9.3,9.2,12.93,13.72,13.08,76.59,73.36,74.01,1.9,2.44,2.13,70.8,74.83,72.77,88.84,66.79,77.82,0.792,95.78,8157.2,198514,-0.29,-0.79,-0.54,22.05,-4.03,-0.4882,-0.10467,-2.42832,0.02856,0.44684,7.28167,8.3577,G2,2.16225,101.25258,-1.40636
1310,Dharmasraya,SUMATERA BARAT,13,SUMATERA,9.28,9.31,9.31,12.59,13.45,13.02,79.3,71.87,75.7,5.1,6.13,5.51,71.87,76.92,74.34,89.35,59.4,74.38,0.415,90.63,15399.82,248105,-0.03,-0.86,-1.03,29.95,-5.05,1.1453,0.12593,-0.94623,-0.82698,0.20085,10.15536,8.88306,G4,1.32015,101.55419,-1.13099
1312,Pasaman Barat,SUMATERA BARAT,13,SUMATERA,9.3,9.2,9.28,13.26,14.33,13.73,77.33,70.2,73.69,5.71,6.3,5.95,71.12,75.33,73.17,80.3,55.61,67.96,0.428,90.78,23014.44,462786,0.1,-1.07,-0.59,24.69,-4.21,1.0881,0.60938,-1.12212,0.69382,0.78818,8.518,9.43015,G4,1.65227,99.67812,0.20695
1371,Kota Padang,SUMATERA BARAT,13,SUMATERA,11.73,11.63,11.64,16.38,16.92,16.58,88.54,83.94,84.93,8.31,11.6,9.7,72.83,77.75,75.59,78.17,56.45,67.31,0.199,94.8,88987.41,965052,0.1,-0.54,-3.29,21.72,-4.92,3.6371,-0.34731,-0.12331,1.84559,-1.50399,13.27848,6.61004,G6,3.12487,100.43535,-0.89572
1372,Kota Solok,SUMATERA BARAT,13,SUMATERA,11.26,11.54,11.38,14.34,15.02,14.59,83.03,80.61,80.9,3.94,3.76,3.87,73.35,77.56,75.3,81.89,58.72,70.31,0.174,97.09,5879.31,81059,-0.28,-0.68,0.18,23.17,-4.21,1.67261,-0.75892,-1.57263,0.91528,0.33827,11.14653,6.05657,G6,1.98194,100.63036,-0.78235
1373,Kota Sawah Lunto,SUMATERA BARAT,13,SUMATERA,10.42,10.69,10.54,13.8,14.43,13.89,79.96,77.04,77.05,4.57,4.73,4.64,71.79,76.75,74.21,83.1,64.9,74.0,0.138,96.35,5441.23,69695,-0.27,-0.63,-0.16,18.2,-4.96,1.15114,-0.99898,-1.306,0.14261,0.06641,10.98332,6.20112,G6,1.5214,100.75703,-0.65377
1374,Kota Padang Panjang,SUMATERA BARAT,13,SUMATERA,11.71,12.24,12.01,15.36,16.36,15.74,81.32,80.06,81.32,5.01,5.15,5.07,72.27,77.16,74.86,77.84,60.59,69.22,0.109,98.45,5067.66,60264,-0.53,-1.0,-0.14,17.25,-4.89,2.75793,-1.32826,-1.87328,1.14335,0.12749,11.29991,6.16262,G6,2.67056,100.40372,-0.47119
1375,Kota Bukittinggi,SUMATERA BARAT,13,SUMATERA,11.48,11.82,11.66,14.8,15.54,15.29,83.38,83.04,83.05,4.6,4.15,4.41,74.19,79.05,76.06,81.99,58.85,70.42,0.107,99.59,12420.04,125920,-0.34,-0.74,0.45,23.14,-4.86,2.4767,-1.37807,-1.35116,0.58624,0.17578,11.23803,6.10361,G6,2.15857,100.37204,-0.3001
1376,Kota Payakumbuh,SUMATERA BARAT,13,SUMATERA,10.85,11.23,11.08,14.46,15.15,14.79,82.45,81.62,81.62,4.98,4.94,4.96,73.61,77.7,75.54,81.38,62.51,71.95,0.149,98.99,9812.97,148597,-0.38,-0.69,0.04,18.87,-4.09,1.65582,-0.9452,-1.66243,1.16566,0.23837,11.06203,6.04613,G6,2.18557,100.63098,-0.22607
1377,Kota Pariaman,SUMATERA BARAT,13,SUMATERA,11.17,11.41,11.32,14.76,15.55,14.81,82.17,81.27,81.27,5.23,5.07,5.16,72.06,77.32,74.62,82.54,63.28,72.91,0.1,98.9,7284.82,99444,-0.24,-0.79,0.16,19.26,-5.26,2.04095,-1.40781,-1.23372,0.35995,0.0521,11.21684,6.13868,G6,1.92712,100.13723,-0.60766
1409,Kuantan Singingi,RIAU,14,SUMATERA,9.61,9.15,9.33,13.17,13.73,13.39,78.7,71.68,74.62,2.72,3.06,2.84,71.23,75.56,73.34,84.77,47.33,66.05,0.416,91.08,58465.42,352777,0.46,-0.56,-0.34,37.44,-4.33,0.63423,0.97901,-0.42279,-0.01013,0.60648,8.69254,9.9578,G4,1.15532,101.50348,-0.47882
1402,Indragiri Hulu,RIAU,14,SUMATERA,8.89,8.55,8.62,12.54,13.14,12.78,77.81,68.56,73.48,2.14,3.47,2.59,71.64,76.42,73.97,87.12,46.23,66.68,0.55,88.11,65628.37,474398,0.34,-0.6,-1.33,40.89,-4.78,0.70535,1.27323,-0.43612,-1.09919,0.308,10.04506,9.81384,G4,1.62918,102.32757,-0.53319
1404,Indragiri Hilir,RIAU,14,SUMATERA,7.57,7.49,7.49,12.23,12.88,12.39,75.33,63.8,70.74,2.36,4.35,3.0,70.59,74.61,72.55,84.8,43.41,64.11,0.553,84.69,104690.77,692189,0.08,-0.65,-1.99,41.39,-4.02,0.18202,2.4932,-0.82338,-0.60322,0.7033,8.41522,10.43812,G4,2.3747,103.15731,-0.23331
1405,Pelalawan,RIAU,14,SUMATERA,9.18,8.87,8.97,12.58,13.08,12.92,79.93,72.34,75.8,2.01,3.15,2.42,72.33,77.76,74.98,88.39,51.11,69.75,0.583,90.5,85023.15,421237,0.31,-0.5,-1.14,37.28,-5.43,0.90848,0.3024,-0.31796,-1.66474,-0.1134,10.08834,9.81151,G4,1.75245,102.26763,0.21942
1408,Siak,RIAU,14,SUMATERA,10.11,9.9,9.93,13.27,13.02,13.02,81.69,73.53,77.19,3.87,8.24,5.3,71.88,76.92,74.34,85.44,43.93,64.69,0.51,90.01,131784.01,490376,0.21,0.25,-4.37,41.51,-5.04,1.68789,1.82376,0.70971,-0.55964,-1.47978,11.09321,9.90084,,2.52251,101.8249,0.82647
1401,Kampar,RIAU,14,SUMATERA,9.89,9.62,9.78,13.57,14.12,13.7,80.79,74.05,76.97,4.19,5.33,4.57,72.39,77.85,75.05,84.08,43.73,63.91,0.436,91.66,126481.81,908385,0.27,-0.55,-1.14,40.35,-5.46,2.22642,0.68236,0.25894,-0.94864,0.04007,10.81881,9.54206,G4,1.60748,101.07211,0.32562
1406,Rokan Hulu,RIAU,14,SUMATERA,9.12,9.0,9.11,13.43,13.03,13.03,79.58,66.8,73.61,2.89,3.71,3.17,71.52,76.17,73.79,85.27,45.67,65.47,0.43,83.94,65285.04,601632,0.12,0.4,-0.82,39.6,-4.65,0.62616,1.09442,0.63564,-0.39558,-0.08481,9.55326,9.87982,G4,1.17021,100.47574,0.93954
1403,Bengkalis,RIAU,14,SUMATERA,10.13,9.67,9.93,13.47,13.99,13.47,81.16,73.83,77.02,4.84,6.18,5.32,72.1,77.39,74.68,84.68,50.12,67.4,0.396,90.97,174750.27,598331,0.46,-0.52,-1.34,34.56,-5.29,1.70022,0.40102,0.23857,-0.57784,-0.21109,10.92297,9.4112,G4,1.14611,101.66335,1.4061
1407,Rokan Hilir,RIAU,14,SUMATERA,8.89,8.36,8.55,12.75,13.43,12.9,77.73,67.56,73.07,4.18,4.89,4.41,71.77,76.7,74.18,85.58,41.64,63.61,0.474,86.92,108128.34,682617,0.53,-0.68,-0.71,43.94,-4.93,1.32461,1.47561,0.32727,-0.99033,0.68199,10.54461,9.65112,G4,1.8813,100.74592,1.77045
1410,Kepulauan Meranti,RIAU,14,SUMATERA,8.33,7.93,8.13,12.9,13.03,12.9,74.84,65.61,70.2,5.83,4.78,5.43,70.44,74.46,72.4,82.32,55.69,69.01,0.428,87.67,29591.83,215586,0.4,-0.13,1.05,26.63,-4.02,-0.35762,0.63949,0.32498,0.64503,1.00648,6.95562,9.59837,G2,1.42566,102.65035,1.0028
1471,Kota Pekanbaru,RIAU,14,SUMATERA,12.16,12.0,12.08,15.83,15.87,15.85,88.29,83.87,84.91,5.5,4.86,5.24,73.48,79.42,76.37,81.55,55.63,68.59,0.261,94.99,184531.85,1036563,0.16,-0.04,0.64,25.92,-5.94,3.01092,-1.96226,0.56379,0.2626,-0.64942,12.63701,6.17854,G6,2.42095,101.46444,0.54989
1472,Kota Dumai,RIAU,14,SUMATERA,10.41,10.29,10.3,13.26,13.79,13.36,81.27,74.9,77.58,4.52,4.49,4.51,71.51,76.15,73.77,84.89,52.02,68.46,0.325,92.16,57696.15,337067,0.12,-0.53,0.03,32.87,-4.64,1.24608,0.3401,-0.42486,0.0686,0.5645,9.33186,9.93318,G4,1.0135,101.31165,1.79767
1501,Kerinci,JAMBI,15,SUMATERA,9.45,8.13,8.76,14.4,14.05,14.18,80.33,70.61,75.1,2.05,2.82,2.39,71.44,76.0,73.66,83.66,65.84,74.75,0.465,87.9,15810.23,258208,1.32,0.35,-0.77,17.82,-4.56,-1.22509,-0.97591,0.53051,0.60969,-1.20764,5.43713,7.69334,G1,1.84444,101.46942,-2.03691
1502,Merangin,JAMBI,15,SUMATERA,8.93,7.99,8.41,12.32,12.73,12.5,77.04,69.29,73.41,3.5,4.61,3.9,71.92,77.01,74.4,86.85,49.91,68.38,0.643,89.94,27872.46,378357,0.94,-0.41,-1.11,36.94,-5.09,0.3479,0.78401,0.58925,-1.16798,-0.04937,10.28274,9.37205,G4,1.4253,102.06442,-2.1962
1503,Sarolangun,JAMBI,15,SUMATERA,8.92,8.29,8.6,12.72,12.87,12.82,78.52,72.58,74.72,4.27,5.5,4.68,71.62,76.38,73.94,88.51,45.73,67.12,0.552,92.44,24648.62,310679,0.63,-0.15,-1.23,42.78,-4.76,0.74354,1.38412,0.74989,-0.69973,0.03419,10.44211,9.908,G4,1.52586,102.66457,-2.30911
1504,Batang Hari,JAMBI,15,SUMATERA,8.77,8.28,8.41,13.07,13.73,13.2,78.58,68.4,73.94,3.49,5.53,4.21,72.46,77.95,75.14,84.3,47.94,66.12,0.431,87.05,28604.4,320281,0.49,-0.66,-2.04,36.36,-5.49,1.38075,0.77017,0.09273,-1.47085,-0.28425,10.6873,9.81786,G4,1.76763,103.09607,-1.74974
1505,Muaro Jambi,JAMBI,15,SUMATERA,8.93,8.53,8.72,12.96,14.03,13.38,78.02,65.32,73.87,5.05,4.98,5.02,72.4,77.86,75.06,88.99,57.83,73.41,0.513,83.72,43945.36,430246,0.4,-1.07,0.07,31.16,-5.46,1.2063,-0.36957,-0.52455,-1.2907,0.5101,10.36298,8.74284,,1.62133,103.74517,-1.60919
1507,Tanjung Jabung Timur,JAMBI,15,SUMATERA,8.0,7.48,7.71,11.89,12.74,12.22,75.77,67.57,71.28,2.11,1.81,2.0,72.2,77.57,74.82,85.29,51.91,68.6,0.51,89.18,30804.34,241154,0.52,-0.85,0.3,33.38,-5.37,0.18562,0.21071,-0.36313,-2.03139,0.81278,9.91158,9.15394,G4,2.22691,103.96735,-1.21981
1506,Tanjung Jabung Barat,JAMBI,15,SUMATERA,8.72,8.26,8.54,12.71,13.07,12.71,76.98,67.02,73.0,3.38,2.48,3.12,71.49,76.12,73.75,87.12,37.75,62.44,0.546,87.06,61822.99,339625,0.46,-0.36,0.9,49.37,-4.63,0.94698,1.59084,0.61662,-0.89048,1.33889,10.39914,9.71601,G4,2.27789,103.11331,-1.07107
1509,Tebo,JAMBI,15,SUMATERA,8.36,7.88,8.05,12.98,13.34,13.2,77.17,71.33,73.41,1.59,3.54,2.21,71.57,76.29,73.88,87.8,43.11,65.46,0.581,92.43,24823.83,359638,0.48,-0.36,-1.95,44.69,-4.72,0.60175,1.6383,-0.08765,-1.0579,-0.05122,10.13972,9.97449,G4,1.73087,102.36128,-1.3102
1508,Bungo,JAMBI,15,SUMATERA,9.14,8.08,8.61,12.82,13.19,12.92,79.74,71.73,75.15,4.03,4.85,4.33,71.88,76.94,74.35,87.68,51.7,69.69,0.481,89.95,29288.06,386114,1.06,-0.37,-0.82,35.98,-5.06,0.3766,0.49774,0.72335,-0.84287,-0.11599,10.23122,9.07363,G4,1.13964,101.931,-1.59889
1571,Kota Jambi,JAMBI,15,SUMATERA,11.74,11.54,11.59,15.47,15.72,15.56,85.1,81.97,82.32,7.16,6.97,7.08,72.78,78.41,75.53,80.38,51.88,66.13,0.168,96.32,47102.89,642264,0.2,-0.25,0.19,28.5,-5.63,3.17284,-1.01899,0.73007,0.59521,-0.30456,13.03343,6.51935,G6,2.06881,103.60022,-1.617
1572,Kota Sungai Penuh,JAMBI,15,SUMATERA,11.28,10.63,10.75,15.19,14.85,14.85,81.93,78.41,78.89,4.71,3.21,4.09,72.11,77.41,74.7,80.55,57.45,69.0,0.686,95.7,11078.92,101916,0.65,0.34,1.5,23.1,-5.3,1.07283,-1.55969,1.08156,0.59955,-0.28513,12.12233,6.22847,G6,1.8049,101.34111,-2.11335
1601,Ogan Komering Ulu,SUMATERA SELATAN,16,SUMATERA,9.28,8.85,9.07,12.58,13.2,13.01,78.0,73.87,74.47,5.21,1.81,3.85,71.63,76.42,73.97,84.33,58.52,71.43,0.561,94.71,22256.88,386816,0.43,-0.62,3.4,25.81,-4.79,0.16707,-0.90064,-0.0845,-0.29146,1.71707,10.61304,7.48351,,2.06178,104.09383,-4.10067
1602,Ogan Komering Ilir,SUMATERA SELATAN,16,SUMATERA,7.81,7.21,7.49,11.58,12.43,11.99,75.64,70.7,72.2,3.08,3.19,3.12,71.96,77.11,74.47,84.24,46.56,65.4,0.503,93.47,50960.56,816505,0.6,-0.85,-0.11,37.68,-5.15,0.4055,1.02743,0.03674,-1.82424,0.96269,10.1196,9.26289,G4,2.26394,105.39068,-3.34317
1603,Muara Enim,SUMATERA SELATAN,16,SUMATERA,8.73,8.01,8.45,11.82,12.23,12.03,77.19,70.82,73.77,3.45,5.24,4.13,72.2,77.57,74.82,85.61,54.07,69.84,0.539,91.75,128196.33,647936,0.72,-0.41,-1.79,31.54,-5.37,0.32727,0.52361,0.34935,-1.5682,-0.39773,10.3562,9.35761,G4,1.69962,104.00157,-3.63583
1604,Lahat,SUMATERA SELATAN,16,SUMATERA,9.27,8.79,9.03,12.46,13.04,12.46,76.97,73.6,73.75,2.4,3.57,2.84,71.61,76.37,73.93,86.25,54.54,70.4,0.377,95.62,32401.65,455581,0.48,-0.58,-1.17,31.71,-4.76,0.14429,0.55908,-0.57577,-0.85595,0.07869,9.26502,9.33776,G4,1.08648,103.38532,-3.83056
1605,Musi Rawas,SUMATERA SELATAN,16,SUMATERA,7.92,7.46,7.61,12.43,12.6,12.43,76.37,66.72,71.92,1.97,1.38,1.74,71.95,77.08,74.45,87.39,55.97,71.68,0.535,87.36,27232.74,415744,0.46,-0.17,0.59,31.42,-5.13,-0.49557,-0.0991,0.05662,-1.58806,0.41226,9.47917,7.99778,,1.65424,103.14522,-3.16673
1606,Musi Banyuasin,SUMATERA SELATAN,16,SUMATERA,8.55,7.96,8.29,12.34,12.38,12.34,77.47,65.67,73.17,1.02,3.7,2.04,72.13,77.45,74.72,86.0,55.29,70.65,0.463,84.77,98937.71,659302,0.59,-0.04,-2.68,30.71,-5.32,-0.16539,0.45306,0.05793,-1.6369,-1.06985,9.76969,8.51602,G5,2.0385,103.82958,-2.44396
1607,Banyu Asin,SUMATERA SELATAN,16,SUMATERA,7.94,7.44,7.65,12.17,12.8,12.54,75.97,69.21,72.42,1.86,4.31,2.68,72.13,77.46,74.73,84.97,44.42,64.7,0.537,91.1,43763.6,897425,0.5,-0.63,-2.45,40.55,-5.33,0.80655,1.44012,-0.0559,-1.94504,-0.1726,10.3438,9.99377,G4,2.29909,104.66632,-2.49054
1609,Ogan Komering Ulu Selatan,SUMATERA SELATAN,16,SUMATERA,8.53,8.3,8.48,11.93,12.4,12.02,74.31,69.44,70.98,1.08,3.29,1.92,71.48,76.1,73.74,88.86,58.85,73.86,0.56,93.45,12801.41,434789,0.23,-0.47,-2.21,30.01,-4.62,-0.50955,0.714,-1.16363,-1.19553,-0.33027,8.91698,8.56881,,1.71371,103.91524,-4.59025
1608,Ogan Komering Ulu Timur,SUMATERA SELATAN,16,SUMATERA,8.38,7.77,8.13,12.62,12.66,12.66,77.18,73.82,74.42,1.56,5.32,3.1,72.19,77.55,74.8,90.1,65.67,77.89,0.382,95.65,22541.51,680094,0.61,-0.04,-3.76,24.43,-5.36,-0.50303,-0.08417,-0.30422,-1.50936,-1.85433,9.17322,7.99842,,2.56307,104.56792,-4.06887
1610,Ogan Ilir,SUMATERA SELATAN,16,SUMATERA,8.45,7.97,8.16,12.39,12.6,12.43,73.65,73.21,73.21,3.44,2.2,2.93,71.51,76.16,73.78,89.42,63.06,76.24,0.513,99.4,16324.27,441183,0.48,-0.21,1.24,26.36,-4.65,-0.88892,-0.45892,-0.20547,-0.75058,0.6139,8.38161,7.44523,,1.1817,104.6009,-3.40998
1611,Empat Lawang,SUMATERA SELATAN,16,SUMATERA,8.47,7.87,8.02,11.97,12.57,12.12,74.47,69.95,70.56,2.2,3.35,2.68,69.21,73.17,71.14,87.71,66.72,77.22,0.5,93.93,7381.15,348974,0.6,-0.6,-1.15,20.99,-3.96,-1.80813,0.58068,-1.34716,0.08232,0.18797,6.94353,8.42483,G2,1.58251,102.9536,-3.75194
1612,Penukal Abab Lematang Ilir,SUMATERA SELATAN,16,SUMATERA,7.94,7.02,7.42,11.81,12.69,12.69,73.34,69.28,70.55,4.02,3.24,3.69,71.87,76.91,74.33,88.1,64.29,76.2,0.845,94.46,10339.89,208032,0.92,-0.88,0.78,23.81,-5.04,-0.64771,-0.63378,-0.35768,-1.17547,0.60825,9.35734,7.04906,G5,1.50825,103.98329,-3.21293
1613,Musi Rawas Utara,SUMATERA SELATAN,16,SUMATERA,8.4,7.32,7.8,12.07,12.45,12.07,75.9,70.4,71.39,4.42,5.36,4.78,71.3,75.72,73.46,85.1,55.67,70.39,0.848,92.75,10072.6,200799,1.08,-0.38,-0.94,29.43,-4.42,-0.665,0.90457,0.4883,-0.41382,0.13661,8.82206,8.93773,,1.01708,102.73584,-2.7444
1671,Kota Palembang,SUMATERA SELATAN,16,SUMATERA,11.43,11.01,11.25,14.52,14.35,14.47,84.69,82.78,83.27,7.83,5.18,6.81,73.39,79.29,76.26,78.07,48.09,63.08,0.356,97.74,226466.13,1729843,0.42,0.17,2.65,29.98,-5.9,2.79676,-1.35856,2.04257,0.00947,0.50074,12.38827,6.99322,G6,2.59824,104.73154,-2.97328
1674,Kota Prabumulih,SUMATERA SELATAN,16,SUMATERA,10.66,10.29,10.37,13.2,14.0,13.42,82.77,79.14,79.17,5.59,3.46,4.72,72.62,78.17,75.33,82.64,56.72,69.68,0.383,95.61,11336.75,205905,0.37,-0.8,2.13,25.92,-5.55,1.55918,-1.23706,-0.0141,-0.68816,0.99965,11.48775,7.18922,,1.83599,104.22939,-3.45284
1672,Kota Pagar Alam,SUMATERA SELATAN,16,SUMATERA,9.9,9.73,9.78,13.29,14.0,13.51,77.73,74.51,74.92,2.17,2.22,2.19,71.77,76.7,74.18,88.81,68.74,78.78,0.384,95.86,4170.93,150533,0.17,-0.71,-0.05,20.07,-4.93,-0.03148,-1.2513,-1.62923,-0.51174,-0.05181,8.67793,6.54333,,1.80837,103.26267,-4.10911
1673,Kota Lubuklinggau,SUMATERA SELATAN,16,SUMATERA,10.42,9.99,10.15,13.79,14.32,13.88,82.8,79.84,79.94,5.52,4.31,5.01,72.72,78.33,75.46,82.6,60.69,71.65,0.157,96.43,9386.8,249054,0.43,-0.53,1.21,21.91,-5.61,1.36097,-1.49342,0.13443,-0.48993,0.24393,11.49618,6.89185,G6,1.52257,102.87936,-3.26352
1701,Bengkulu Selatan,BENGKULU,17,SUMATERA,9.92,9.39,9.6,13.67,14.23,13.67,78.76,75.09,75.32,2.32,3.59,2.86,71.21,75.53,73.32,82.73,62.93,72.83,0.309,95.34,8507.58,175126,0.53,-0.56,-1.27,19.8,-4.32,-0.19907,-0.2361,-1.14684,0.49036,-0.33912,7.68204,8.07236,,1.18106,103.02373,-4.34866
1702,Rejang Lebong,BENGKULU,17,SUMATERA,9.18,9.03,9.05,13.88,14.56,14.21,78.94,75.12,75.87,2.52,3.44,2.91,71.77,76.7,74.17,85.83,66.28,76.06,0.355,95.16,14026.51,291897,0.15,-0.68,-0.92,19.55,-4.93,0.26589,-0.90938,-1.46006,-0.27954,-0.35377,8.60094,6.56809,,1.54229,102.69889,-3.43079
1703,Bengkulu Utara,BENGKULU,17,SUMATERA,8.75,8.01,8.35,12.66,13.33,12.93,77.37,71.45,73.56,3.37,4.39,3.75,71.34,75.8,73.52,85.29,53.26,69.28,0.564,92.35,13676.46,313521,0.74,-0.67,-1.02,32.03,-4.46,0.0365,0.8406,-0.32113,-0.3453,0.26446,9.0247,9.54011,G4,0.86727,102.00523,-3.33203
1704,Kaur,BENGKULU,17,SUMATERA,9.39,8.45,8.71,13.36,13.16,13.16,77.22,68.12,72.45,3.52,4.38,3.88,71.21,75.52,73.31,83.88,62.84,73.36,0.468,88.22,5390.27,134235,0.94,0.2,-0.86,21.04,-4.31,-0.96377,-0.12827,0.40434,0.48966,-0.63283,6.11977,8.61467,G2,1.05244,103.4075,-4.6072
1705,Seluma,BENGKULU,17,SUMATERA,8.86,7.85,8.34,13.3,13.67,13.34,76.75,66.67,71.85,1.93,2.3,2.07,71.13,75.35,73.19,88.1,57.88,72.99,0.51,86.87,6851.38,219877,1.01,-0.37,-0.37,30.22,-4.22,-0.86751,0.24786,-0.33616,-0.01287,0.04989,7.27407,9.2977,G2,0.5763,102.65782,-4.05231
1706,Mukomuko,BENGKULU,17,SUMATERA,8.95,8.41,8.65,13.06,13.22,13.06,79.1,68.08,74.45,2.9,4.25,3.33,71.86,76.89,74.31,89.85,44.47,67.16,0.804,86.07,8306.43,204560,0.54,-0.16,-1.35,45.38,-5.03,0.89957,1.21978,0.52166,-1.1569,-0.11022,10.44283,9.83006,G4,1.65386,101.4856,-2.70139
1707,Lebong,BENGKULU,17,SUMATERA,8.87,8.3,8.48,12.61,13.17,12.92,78.26,72.51,74.1,1.89,2.55,2.16,71.07,75.23,73.1,86.41,64.57,75.49,0.327,92.65,4931.15,113140,0.57,-0.56,-0.66,21.84,-4.16,-1.05836,-0.06604,-1.21837,-0.03836,0.0691,7.33978,8.32529,G2,1.18793,102.24914,-3.09035
1708,Kepahiang,BENGKULU,17,SUMATERA,8.74,8.47,8.61,13.31,14.04,13.31,75.64,72.87,72.96,2.03,3.11,2.49,70.65,74.67,72.61,88.24,70.48,79.36,0.317,96.34,6858.36,158012,0.27,-0.73,-1.08,17.76,-4.02,-1.09213,-0.29756,-2.01661,0.26723,-0.06758,7.21869,8.10395,G2,1.86106,102.64169,-3.62823
1709,Bengkulu Tengah,BENGKULU,17,SUMATERA,8.52,7.36,7.94,13.41,13.75,13.64,76.86,67.78,72.48,3.08,4.03,3.4,70.75,74.78,72.71,87.99,47.63,67.81,0.475,88.19,7175.14,124191,1.16,-0.34,-0.95,40.36,-4.03,-0.25404,1.44394,0.35716,0.26602,0.18784,7.83922,9.7308,,1.27371,102.41167,-3.68755
1771,Kota Bengkulu,BENGKULU,17,SUMATERA,12.14,11.95,11.95,16.06,16.49,16.08,86.71,84.42,84.59,4.78,6.12,5.34,72.46,77.95,75.14,77.74,55.65,66.7,0.217,97.36,35724.28,403485,0.19,-0.43,-1.34,22.09,-5.49,2.87782,-1.17648,-0.27442,0.91694,-0.99977,12.7362,6.15457,G6,2.29634,102.31269,-3.8277
1804,Lampung Barat,LAMPUNG,18,SUMATERA,8.74,8.35,8.57,12.22,12.56,12.31,75.84,71.5,73.14,1.52,2.94,2.11,71.81,76.79,74.24,90.99,68.26,79.63,0.345,94.28,10773.02,319301,0.39,-0.34,-1.42,22.73,-4.98,-0.88036,-0.53916,-1.02093,-1.27922,-0.62994,8.88654,7.93563,,1.80365,104.19033,-5.03183
1806,Tanggamus,LAMPUNG,18,SUMATERA,7.82,7.3,7.63,11.89,12.85,12.34,74.61,69.25,71.36,3.8,2.83,3.44,71.91,76.99,74.39,85.71,52.93,69.32,0.363,92.82,22724.73,678021,0.52,-0.96,0.97,32.78,-5.08,0.23071,0.28182,-0.29862,-1.52248,1.24687,10.0538,9.12862,G4,2.07179,104.67521,-5.43586
1801,Lampung Selatan,LAMPUNG,18,SUMATERA,8.34,7.7,7.98,12.35,13.05,12.79,76.44,69.7,73.1,3.34,7.15,4.67,72.22,77.6,74.84,87.55,48.78,68.17,0.375,91.18,65658.66,1133387,0.64,-0.7,-3.81,38.77,-5.38,1.08628,1.42696,-0.00801,-1.67154,-0.86925,10.69558,10.02356,G4,2.30845,105.5005,-5.53277
1807,Lampung Timur,LAMPUNG,18,SUMATERA,8.81,8.22,8.46,13.21,13.0,13.0,78.21,70.72,73.92,3.39,2.82,3.18,72.01,77.2,74.54,84.12,50.78,67.45,0.294,90.42,60936.45,1164703,0.59,0.21,0.57,33.34,-5.19,0.25328,0.02649,1.05704,-0.90887,0.14487,10.23042,7.87929,G5,1.29334,105.64904,-5.13665
1802,Lampung Tengah,LAMPUNG,18,SUMATERA,8.52,7.81,8.17,13.06,13.29,13.18,78.38,71.62,74.86,2.58,4.32,3.27,72.11,77.42,74.7,89.63,61.26,75.45,0.297,91.38,105453.48,1541429,0.71,-0.23,-1.74,28.37,-5.31,-0.11249,-0.24833,-0.0297,-1.24503,-0.88654,9.53108,7.60877,G5,1.5861,105.26465,-4.8613
1803,Lampung Utara,LAMPUNG,18,SUMATERA,8.88,8.39,8.63,12.57,13.2,12.64,76.13,69.17,72.28,5.11,6.92,5.78,71.92,77.03,74.41,83.97,50.27,67.12,0.435,90.86,34459.78,665763,0.49,-0.63,-1.81,33.7,-5.11,1.11778,1.00802,0.22548,-0.92489,-0.02904,10.91044,9.62267,G4,1.37518,104.80589,-4.80924
1808,Way Kanan,LAMPUNG,18,SUMATERA,8.13,7.6,7.91,12.35,12.82,12.53,75.85,68.33,71.98,2.52,5.21,3.51,72.05,77.29,74.61,89.69,54.21,71.95,0.447,90.09,21004.54,503313,0.53,-0.47,-2.69,35.48,-5.24,0.29831,0.84257,-0.20546,-1.68788,-0.66302,10.3408,9.95675,G4,1.95979,104.61449,-4.51645
1805,Tulangbawang,LAMPUNG,18,SUMATERA,8.36,7.83,7.9,12.16,12.8,12.39,77.16,70.37,73.11,2.26,5.02,3.19,71.86,76.9,74.32,88.58,48.35,68.47,0.388,91.2,33239.21,455403,0.53,-0.64,-2.76,40.23,-5.04,0.50258,1.48322,-0.29665,-1.65419,-0.30752,10.44542,10.09174,G4,2.09435,105.53194,-4.37276
1809,Pesawaran,LAMPUNG,18,SUMATERA,8.39,7.76,8.01,12.52,12.98,12.64,75.72,67.5,70.9,4.16,4.17,4.17,71.85,76.87,74.3,85.95,50.04,68.0,0.434,89.14,23446.54,506261,0.63,-0.46,-0.01,35.91,-5.02,0.4352,0.64894,0.44074,-1.10883,0.55292,10.2185,9.22265,G4,1.43097,105.11022,-5.47349
1810,Pringsewu,LAMPUNG,18,SUMATERA,8.95,8.34,8.72,12.93,13.6,13.09,78.79,74.07,74.76,5.94,2.52,4.65,72.28,77.69,74.92,87.24,55.37,71.31,0.301,94.01,16414.57,429736,0.61,-0.67,3.42,31.87,-5.41,0.77238,-0.95058,0.56327,-1.08146,1.62267,10.90763,7.546,,2.31627,104.92002,-5.33085
1811,Mesuji,LAMPUNG,18,SUMATERA,7.58,7.0,7.3,11.88,12.14,11.97,73.53,63.15,69.4,1.08,5.74,2.68,71.76,76.68,74.16,89.88,49.84,69.86,0.476,85.88,15436.94,245211,0.58,-0.26,-4.66,40.04,-4.92,-0.16297,1.98414,-0.20803,-1.85286,-1.23264,10.54278,10.17659,G4,2.8071,105.37788,-4.02374
1812,Tulang Bawang Barat,LAMPUNG,18,SUMATERA,8.13,7.48,7.81,11.99,12.6,12.13,74.2,66.78,70.61,2.82,5.24,3.71,72.02,77.22,74.55,89.66,53.68,71.67,0.285,90.0,16862.32,301790,0.65,-0.61,-2.42,35.98,-5.2,0.18531,0.9661,-0.15342,-1.79515,-0.39609,10.41139,10.03161,G4,1.99477,105.09206,-4.42482
1813,Pesisir Barat,LAMPUNG,18,SUMATERA,8.97,8.69,8.76,12.24,12.5,12.31,74.18,70.71,71.72,2.28,4.7,3.27,71.79,76.75,74.21,84.34,63.28,73.81,0.457,95.32,6679.74,174861,0.28,-0.26,-2.42,21.06,-4.96,-0.30348,0.0445,-0.68581,-0.92332,-0.84886,8.93597,8.0641,,1.44418,104.20532,-5.3827
1871,Kota Bandar Lampung,LAMPUNG,18,SUMATERA,11.46,10.99,11.11,14.56,14.94,14.74,84.51,80.61,81.26,6.91,8.51,7.53,72.52,78.03,75.21,81.01,52.8,66.91,0.31,95.39,85979.57,1226211,0.47,-0.38,-1.6,28.21,-5.51,2.6965,-0.31912,0.66504,0.35723,-0.80636,13.21802,6.68081,G6,1.81344,105.26677,-5.41516
1872,Kota Metro,LAMPUNG,18,SUMATERA,11.42,11.12,11.19,14.91,15.18,14.97,83.48,80.93,81.22,3.75,3.23,3.54,73.06,78.81,75.86,82.85,56.79,69.82,0.144,96.95,9185.2,177523,0.3,-0.27,0.52,26.06,-5.75,2.02856,-1.6369,0.03957,-0.27617,-0.38951,12.359,6.09114,G6,1.78183,105.30644,-5.12182
1901,Bangka,KEP. BANGKA BELITUNG,19,SUMATERA,9.18,8.5,8.77,13.13,13.47,13.13,79.62,71.15,75.38,3.79,6.46,4.75,71.37,75.86,73.56,84.59,50.29,67.44,0.34,89.36,21896.44,346069,0.68,-0.34,-2.67,34.3,-4.49,0.51746,1.36589,0.10205,-0.0939,-0.53051,9.3992,10.38137,G4,1.2981,105.92123,-1.90589
1902,Belitung,KEP. BANGKA BELITUNG,19,SUMATERA,9.16,9.03,9.11,11.92,12.31,12.1,78.85,71.06,75.29,2.75,5.12,3.64,71.09,75.27,73.13,85.09,52.76,68.93,0.355,90.12,15243.01,193559,0.13,-0.39,-2.37,32.33,-4.18,0.08729,1.49553,-0.79188,-0.29287,-0.07798,8.67174,10.24761,G4,1.43408,107.71103,-2.86995
1905,Bangka Barat,KEP. BANGKA BELITUNG,19,SUMATERA,8.23,7.8,7.8,11.78,12.21,11.95,76.32,69.5,72.23,3.68,5.86,4.49,70.39,74.4,72.35,87.07,54.38,70.73,0.236,91.06,21406.32,218748,0.43,-0.43,-2.18,32.69,-4.01,-0.58579,1.79826,-0.47367,-0.25965,0.1216,8.51654,10.16956,G4,1.58482,105.48926,-1.89076
1904,Bangka Tengah,KEP. BANGKA BELITUNG,19,SUMATERA,7.68,7.09,7.33,12.23,13.05,12.34,76.84,71.33,73.1,2.54,7.22,4.21,71.73,76.61,74.11,87.43,51.9,69.67,0.396,92.83,12935.8,213494,0.59,-0.82,-4.68,35.53,-4.88,0.29592,1.88124,-0.65873,-1.4987,-0.93518,10.58109,10.20482,G4,2.44418,106.24332,-2.43012
1903,Bangka Selatan,KEP. BANGKA BELITUNG,19,SUMATERA,7.41,7.06,7.25,11.7,12.25,11.78,75.06,64.54,70.83,3.98,5.43,4.48,70.12,74.12,72.07,91.02,51.33,71.18,0.385,85.98,13087.97,211114,0.35,-0.55,-1.45,39.69,-4.0,-0.54817,2.15048,-0.45995,-0.63015,0.70051,8.53984,10.24358,G4,2.08017,106.34242,-2.77112
1906,Belitung Timur,KEP. BANGKA BELITUNG,19,SUMATERA,9.04,9.02,9.03,11.67,12.23,11.78,77.88,68.97,73.99,2.71,3.67,3.05,71.73,76.62,74.12,86.98,49.97,68.48,0.702,88.56,11978.07,134371,0.02,-0.56,-0.96,37.01,-4.89,0.59495,1.04206,-0.59051,-1.42025,0.50891,9.60848,9.59324,G4,1.83334,108.05238,-2.90711
1971,Kota Pangkal Pinang,KEP. BANGKA BELITUNG,19,SUMATERA,11.05,10.75,10.9,13.49,13.53,13.5,84.7,80.71,81.64,6.31,4.86,5.73,72.88,78.55,75.64,80.29,53.71,67.0,0.229,95.29,20361.26,233466,0.3,-0.04,1.45,26.58,-5.67,1.90166,-1.07893,1.07251,-0.36903,0.27241,12.20922,6.99688,G6,1.68388,106.11348,-2.11066
2102,Karimun,KEPULAUAN RIAU,21,SUMATERA,9.1,8.97,9.06,12.57,13.11,12.63,79.9,74.37,76.08,7.54,4.18,6.31,72.39,77.85,75.05,82.54,50.26,66.4,0.212,93.08,19945.96,266009,0.13,-0.54,3.36,32.28,-5.46,1.5702,-0.42422,0.90037,-1.0105,1.90724,11.71859,7.82835,,2.61486,103.53092,0.82481
2101,Bintan,KEPULAUAN RIAU,21,SUMATERA,9.55,9.44,9.45,13.35,14.2,13.46,82.17,77.99,78.65,5.41,3.75,4.81,72.52,78.03,75.21,84.01,50.62,67.32,0.267,94.91,33013.28,170455,0.11,-0.85,1.66,33.39,-5.51,1.87062,-0.39552,-0.05636,-1.06066,1.21453,11.52402,7.66914,G6,1.98939,104.70327,1.01188
2103,Natuna,KEPULAUAN RIAU,21,SUMATERA,9.7,9.25,9.25,13.81,14.19,13.95,82.51,76.83,78.94,4.88,2.72,3.98,72.15,77.51,74.77,80.16,61.02,70.59,0.763,93.12,24416.56,86757,0.45,-0.38,2.16,19.14,-5.36,0.62046,-1.5416,0.17458,-0.28059,0.63848,10.89629,6.9597,,1.51557,108.2648,3.78592
2104,Lingga,KEPULAUAN RIAU,21,SUMATERA,7.95,7.66,7.87,12.93,12.76,12.77,77.78,71.58,73.82,4.98,0.79,3.52,71.68,76.51,74.04,83.03,47.85,65.44,0.465,92.03,5953.28,102949,0.29,0.17,4.19,35.18,-4.83,0.11774,-0.12553,1.2935,-0.6576,1.9946,9.96418,8.07307,G5,2.55823,104.52709,-0.22456
2105,Kepulauan Anambas,KEPULAUAN RIAU,21,SUMATERA,8.09,7.71,7.79,13.02,13.33,13.07,77.76,71.66,74.07,2.33,2.91,2.56,71.69,76.53,74.05,79.9,55.41,67.66,0.43,92.16,20123.5,50362,0.38,-0.31,-0.58,24.49,-4.84,-0.16079,0.17872,-0.25919,-0.69686,0.10494,9.27037,8.31388,G5,0.75091,106.06523,3.08777
2171,Kota Batam,KEPULAUAN RIAU,21,SUMATERA,11.52,11.21,11.34,13.3,13.71,13.57,86.22,83.6,83.8,6.79,8.86,7.57,72.79,78.43,75.54,85.35,51.93,68.64,0.28,96.96,253639.82,1296962,0.31,-0.41,-2.07,33.42,-5.64,2.72008,0.08554,0.57714,-0.42907,-0.78396,13.34387,6.92212,G6,1.78618,104.06356,0.96302
2172,Kota Tanjung Pinang,KEPULAUAN RIAU,21,SUMATERA,10.98,10.78,10.8,14.19,14.64,14.19,83.98,82.02,82.02,5.7,3.25,4.72,72.57,78.1,75.27,80.67,54.26,67.47,0.248,97.67,26638.82,239962,0.2,-0.45,2.45,26.41,-5.53,1.95173,-1.36941,0.31012,-0.18157,0.88244,11.75763,6.94189,G6,1.82985,104.48523,0.92032
3101,Kep. Seribu,DKI JAKARTA,31,JAWA,9.58,9.08,9.27,13.52,12.76,12.97,81.11,76.94,77.52,6.9,8.82,7.71,72.55,78.07,75.24,84.25,59.94,72.1,0.199,94.86,7451.41,29088,0.5,0.76,-1.92,24.31,-5.52,0.819,-0.25581,1.91226,-0.4196,-1.51306,12.1997,8.65659,G3,2.42978,106.57935,-5.70016
3174,Kota Jakarta Selatan,DKI JAKARTA,31,JAWA,12.39,11.83,12.06,14.32,14.2,14.28,88.79,88.13,88.51,6.66,2.65,5.09,73.62,79.62,76.55,78.91,50.38,64.65,0.124,99.26,907809.26,2219225,0.56,0.12,4.01,28.53,-6.0,2.50491,-2.13868,1.84574,-0.14609,0.81646,12.24665,6.77485,G6,2.85052,106.81,-6.27255
3175,Kota Jakarta Timur,DKI JAKARTA,31,JAWA,12.32,11.85,12.01,13.98,14.47,14.32,88.01,85.47,85.51,6.27,7.56,6.78,74.12,78.88,75.93,78.91,49.48,64.2,0.13,97.11,674156.6,3085058,0.47,-0.49,-1.29,29.43,-4.76,2.70288,-0.02041,0.2884,0.86792,-0.40499,12.97103,6.86894,G6,1.72553,106.90027,-6.25537
3171,Kota Jakarta Pusat,DKI JAKARTA,31,JAWA,11.88,11.41,11.62,13.53,13.5,13.5,85.75,84.12,84.45,6.39,5.61,6.09,73.92,80.05,76.91,79.65,50.65,65.15,0.142,98.1,985621.24,1038396,0.47,0.03,0.78,29.0,-6.13,2.62114,-1.207,1.58861,-0.75737,-0.23971,12.29179,6.96361,G6,2.30968,106.83508,-6.18123
3173,Kota Jakarta Barat,DKI JAKARTA,31,JAWA,11.66,10.84,11.25,13.52,13.47,13.47,86.92,84.4,85.18,6.0,6.06,6.02,73.36,79.25,76.23,79.24,48.2,63.72,0.147,97.1,670134.94,2487199,0.82,0.05,-0.06,31.04,-5.89,2.27011,-0.60529,1.80889,-0.50595,-0.47863,12.36806,7.13178,G6,2.14285,106.74833,-6.16547
3172,Kota Jakarta Utara,DKI JAKARTA,31,JAWA,11.4,10.67,11.08,13.35,12.99,13.05,86.02,82.45,83.12,5.77,6.42,6.02,72.61,78.16,75.32,82.39,52.05,67.22,0.175,95.85,713972.45,1819009,0.73,0.36,-0.65,30.34,-5.55,1.53205,-0.33371,1.71558,-0.27989,-0.78793,12.3784,7.3344,G6,1.9296,106.86946,-6.12918
3201,Bogor,JAWA BARAT,32,JAWA,9.36,8.28,8.72,12.96,12.68,12.76,79.02,71.86,74.53,7.92,7.21,7.69,72.54,78.06,75.23,86.12,42.13,64.13,0.547,90.94,336363.58,5721618,1.08,0.28,0.71,43.99,-5.52,1.52339,0.74642,2.94734,-0.89308,0.29522,12.02735,8.91705,G3,2.88198,106.76753,-6.55998
3202,Sukabumi,JAWA BARAT,32,JAWA,8.19,7.36,7.63,12.67,12.36,12.4,75.82,67.85,71.13,6.43,8.59,7.23,72.45,77.93,75.12,87.29,51.81,69.55,0.476,89.49,95380.66,2852107,0.83,0.31,-2.16,35.48,-5.48,0.63835,0.88651,1.98752,-1.30517,-0.93367,12.18248,9.01977,G3,2.50632,106.70762,-7.07621
3203,Cianjur,JAWA BARAT,32,JAWA,7.85,7.19,7.62,12.6,12.22,12.31,73.96,63.96,69.84,6.52,5.56,6.17,72.39,77.84,75.05,86.16,50.8,68.48,0.555,86.48,69317.96,2610316,0.66,0.38,0.96,35.36,-5.45,0.43079,0.2301,2.1421,-1.31743,0.32424,12.02909,8.89565,G3,2.30083,107.15777,-7.13371
3204,Bandung,JAWA BARAT,32,JAWA,9.66,9.16,9.4,12.59,13.13,12.99,78.14,74.44,75.58,6.72,6.6,6.68,72.92,78.61,75.7,83.07,50.44,66.76,0.428,95.26,179920.82,3783213,0.5,-0.54,0.12,32.63,-5.69,1.90337,-0.05905,0.94092,-1.10311,0.34003,11.83587,7.98693,,1.72183,107.61084,-7.09997
3205,Garut,JAWA BARAT,32,JAWA,8.2,7.51,7.86,12.63,12.41,12.43,74.75,63.25,70.67,6.03,7.43,6.54,72.46,77.95,75.14,84.78,51.07,67.93,0.523,84.62,85999.21,2748699,0.69,0.22,-1.4,33.71,-5.49,0.72306,0.66128,1.75988,-1.27554,-0.55322,12.1169,8.96183,G3,2.16365,107.78886,-7.35959
3206,Tasikmalaya,JAWA BARAT,32,JAWA,8.12,7.85,7.98,13.02,12.92,12.92,75.14,66.05,70.76,3.29,4.29,3.69,71.9,76.97,74.37,83.08,55.13,69.11,0.519,87.9,54303.99,1933814,0.27,0.1,-1.0,27.95,-5.07,0.11612,0.26206,0.37423,-0.8947,-0.32583,10.0071,8.21978,,1.03044,108.14128,-7.49689
3207,Ciamis,JAWA BARAT,32,JAWA,8.33,8.17,8.23,14.7,14.31,14.31,78.98,70.38,74.33,3.84,4.47,4.08,72.91,78.6,75.69,83.31,49.24,66.28,0.464,89.11,46592.84,1266331,0.16,0.39,-0.63,34.07,-5.69,1.39887,-0.14995,1.14582,-1.08344,-0.6155,10.76586,7.78982,,1.76692,108.42865,-7.29054
3208,Kuningan,JAWA BARAT,32,JAWA,8.18,7.65,7.91,13.08,12.52,12.52,77.25,68.52,72.31,8.03,6.84,7.59,73.65,78.44,75.64,86.65,51.73,69.19,0.361,88.7,41955.26,1225493,0.53,0.56,1.19,34.92,-4.79,0.55508,0.31745,2.23235,-0.51232,0.40916,12.09228,9.08663,G3,2.07231,108.5603,-7.00423
3209,Cirebon,JAWA BARAT,32,JAWA,8.34,7.41,7.88,12.43,13.02,12.67,77.37,66.47,73.27,7.6,4.6,6.42,72.67,78.24,75.39,83.44,54.9,69.17,0.353,85.91,73956.62,2413814,0.93,-0.59,3.0,28.54,-5.57,0.69568,-0.75904,1.42211,-1.20271,1.43154,11.26349,7.84782,,2.43504,108.55134,-6.74551
3210,Majalengka,JAWA BARAT,32,JAWA,8.12,7.51,7.81,12.5,12.5,12.5,76.21,67.46,72.37,3.96,3.13,3.62,72.61,78.16,75.32,85.96,59.23,72.6,0.441,88.52,50566.15,1363755,0.61,0.0,0.83,26.73,-5.55,-0.15395,-0.72833,0.82165,-1.60459,0.10824,9.98741,7.61244,G5,1.83838,108.25781,-6.81587
3211,Sumedang,JAWA BARAT,32,JAWA,9.08,8.76,8.92,13.21,13.69,13.21,78.47,75.48,75.5,6.43,5.42,6.08,72.92,78.62,75.7,84.93,45.72,65.33,0.391,96.19,50991.94,1195531,0.32,-0.48,1.01,39.21,-5.7,2.08525,0.15606,1.0491,-1.3611,0.84013,11.7191,7.96739,,2.16237,107.98085,-6.82507
3212,Indramayu,JAWA BARAT,32,JAWA,7.52,6.58,7.06,12.3,12.61,12.58,75.4,67.97,71.58,6.28,6.84,6.47,72.48,77.98,75.16,85.09,45.14,65.12,0.286,90.15,114662.65,1932522,0.94,-0.31,-0.56,39.95,-5.5,0.98411,1.05479,1.73937,-1.58402,0.27221,11.94738,9.06866,G3,2.40334,108.16873,-6.44864
3213,Subang,JAWA BARAT,32,JAWA,8.13,7.3,7.68,12.37,12.48,12.38,76.46,70.45,73.0,8.0,4.87,6.8,72.68,78.27,75.41,85.59,52.44,69.02,0.491,92.14,58570.13,1675519,0.83,-0.11,3.13,33.15,-5.59,0.64184,-0.47657,2.10566,-1.352,1.33785,11.71796,8.19985,,2.74062,107.73223,-6.48419
3214,Purwakarta,JAWA BARAT,32,JAWA,8.82,7.96,8.37,12.5,12.56,12.51,79.27,70.16,74.97,8.12,6.48,7.54,72.58,78.12,75.28,84.84,47.28,66.06,0.525,88.51,94835.09,1062965,0.86,-0.06,1.64,37.56,-5.54,1.26972,0.23262,2.2969,-1.07856,0.84641,11.8953,8.605,G3,2.5262,107.43221,-6.59502
3215,Karawang,JAWA BARAT,32,JAWA,8.72,7.81,8.31,12.36,12.22,12.22,77.94,71.98,74.59,7.19,9.56,7.99,72.82,78.47,75.57,86.05,43.99,65.02,0.443,92.35,337246.76,2581245,0.91,0.14,-2.37,42.06,-5.65,1.55077,1.41122,2.36697,-1.45685,-0.75266,12.03047,9.12161,G3,2.9811,107.35393,-6.252
3216,Bekasi,JAWA BARAT,32,JAWA,10.35,9.6,10.07,13.14,13.43,13.22,82.08,74.21,77.8,7.84,10.67,8.78,73.8,78.63,75.71,85.4,42.93,64.17,0.211,90.41,451511.53,3303023,0.75,-0.29,-2.83,42.47,-4.83,2.45954,1.59014,1.39709,-0.06691,-0.64358,11.59497,9.39933,G3,2.30035,107.12067,-6.21515
3217,Bandung Barat,JAWA BARAT,32,JAWA,8.77,7.97,8.34,12.29,12.22,12.26,76.3,62.55,71.65,6.46,6.82,6.6,72.71,78.31,75.44,86.74,53.84,70.29,0.455,81.98,65913.62,1907824,0.8,0.07,-0.36,32.9,-5.6,0.71361,0.11422,1.72678,-1.38068,-0.2286,12.04676,8.87703,G3,2.06605,107.41495,-6.89706
3218,Pangandaran,JAWA BARAT,32,JAWA,8.42,7.89,8.11,12.46,12.32,12.41,75.49,69.01,71.66,2.73,0.85,1.91,72.72,78.32,75.45,90.46,67.98,79.22,0.337,91.42,16758.24,436494,0.53,0.14,1.88,22.48,-5.6,-0.92854,-1.78967,0.32626,-1.8247,0.08651,8.86298,7.45604,,2.38922,108.51869,-7.63594
3271,Kota Bogor,JAWA BARAT,32,JAWA,11.09,10.37,10.72,13.43,13.97,13.69,83.68,77.63,79.75,9.71,5.07,7.95,73.38,79.27,76.25,80.41,49.7,65.06,0.307,92.77,65786.05,1083776,0.72,-0.54,4.64,30.71,-5.89,2.62162,-1.528,1.9477,-0.36975,1.80341,12.02253,7.38207,G6,3.21731,106.79956,-6.59345
3272,Kota Sukabumi,JAWA BARAT,32,JAWA,10.72,10.11,10.39,14.45,13.61,13.63,82.6,77.11,78.23,8.26,8.06,8.19,72.72,78.32,75.45,81.84,49.7,65.77,0.406,93.35,17662.55,370681,0.61,0.84,0.2,32.14,-5.6,1.91549,-0.29845,2.81926,0.07352,-0.65188,12.56969,7.41613,G6,2.73041,106.92433,-6.93987
3273,Kota Bandung,JAWA BARAT,32,JAWA,11.61,11.12,11.41,14.26,14.51,14.27,87.81,84.21,84.66,8.02,5.92,7.22,74.39,79.33,76.3,84.43,51.9,68.17,0.185,95.9,403970.71,2548784,0.49,-0.25,2.1,32.53,-4.94,2.39917,-0.92167,1.06449,0.53914,0.67411,12.62992,7.01011,G6,1.95149,107.6366,-6.91914
3274,Kota Cirebon,JAWA BARAT,32,JAWA,10.84,10.4,10.54,13.12,13.77,13.45,81.46,78.95,78.99,6.84,5.81,6.41,73.14,78.93,75.97,81.05,57.05,69.05,0.341,96.92,33079.44,347537,0.44,-0.65,1.03,24.0,-5.79,2.00924,-1.1947,0.50937,-0.66271,0.36645,11.74522,7.22166,G6,1.68407,108.5535,-6.74189
3275,Kota Bekasi,JAWA BARAT,32,JAWA,12.52,12.11,12.11,14.36,14.15,14.15,88.59,83.8,84.43,7.45,7.13,7.33,74.7,79.63,76.61,79.52,48.73,64.13,0.181,94.59,139070.61,2648272,0.41,0.21,0.32,30.79,-4.93,2.6828,-0.50402,1.46447,0.81779,-0.25259,12.74488,7.11503,G6,2.10638,106.97568,-6.28023
3276,Kota Depok,JAWA BARAT,32,JAWA,12.2,11.47,11.83,14.21,14.36,14.21,88.09,83.17,84.04,7.3,5.17,6.52,74.27,79.33,76.3,78.63,45.36,62.0,0.175,94.41,101213.64,2167961,0.73,-0.15,2.13,33.27,-5.06,2.62296,-0.69664,1.58735,0.63919,0.68096,12.58814,7.04752,G6,2.24047,106.81681,-6.3961
3277,Kota Cimahi,JAWA BARAT,32,JAWA,11.79,11.23,11.53,14.28,13.86,13.86,84.84,79.07,80.85,9.14,8.14,8.75,73.99,78.98,76.0,81.87,52.13,67.0,0.166,93.2,46684.22,606375,0.56,0.42,1.0,29.74,-4.99,2.23743,-0.61672,2.09757,0.86515,-0.12225,12.60909,7.19509,G6,2.36882,107.54358,-6.8865
3278,Kota Tasikmalaya,JAWA BARAT,32,JAWA,9.79,9.41,9.64,13.44,13.83,13.51,79.25,74.03,76.59,6.98,5.55,6.43,72.89,78.57,75.66,81.18,51.18,66.18,0.203,93.41,31991.67,759370,0.38,-0.39,1.43,30.0,-5.68,1.97154,-0.60585,1.05072,-0.73087,0.66772,11.84402,7.64521,G6,1.78393,108.21936,-7.36025
3279,Kota Banjar,JAWA BARAT,32,JAWA,9.26,8.59,8.84,13.61,13.28,13.29,80.03,71.65,75.54,5.67,4.61,5.26,72.64,78.2,75.35,85.74,54.04,69.89,0.225,89.53,5945.71,211964,0.67,0.33,1.06,31.7,-5.56,0.77548,-0.6107,1.70733,-0.87377,-0.03278,10.93242,7.83944,,1.81975,108.5665,-7.3763
3301,Cilacap,JAWA TENGAH,33,JAWA,7.98,7.27,7.65,13.12,12.7,12.7,78.25,69.03,73.45,6.41,9.07,7.4,73.44,78.14,75.3,83.27,50.02,66.65,0.28,88.22,142706.51,2046392,0.71,0.42,-2.66,33.25,-4.7,0.58099,1.33009,1.76716,-0.40381,-0.97397,12.14006,9.15588,G3,2.21511,108.89041,-7.49096
3302,Banyumas,JAWA TENGAH,33,JAWA,8.39,7.83,8.1,13.46,13.64,13.53,79.34,71.41,75.44,6.04,6.58,6.26,72.75,77.46,74.79,82.95,56.79,69.87,0.193,90.01,79803.56,1865270,0.56,-0.18,-0.54,26.16,-4.71,0.52759,0.13013,0.61496,-0.05802,-0.07572,10.67546,8.3943,,0.61373,109.17558,-7.45515
3303,Purbalingga,JAWA TENGAH,33,JAWA,7.6,7.24,7.37,12.26,12.1,12.11,75.11,70.86,71.71,5.2,4.31,4.83,72.57,77.07,74.48,87.27,63.23,75.25,0.321,94.34,36070.88,1047755,0.36,0.16,0.89,24.04,-4.5,-0.91579,-0.19389,0.48466,-0.65836,0.41934,7.43388,7.27685,,1.03117,109.40732,-7.32292
3304,Banjarnegara,JAWA TENGAH,33,JAWA,7.24,6.96,7.1,12.03,12.04,12.04,72.54,69.02,70.61,3.89,7.56,5.39,73.19,76.82,74.86,86.44,61.1,73.77,0.261,95.15,31351.51,1067606,0.28,-0.01,-3.67,25.34,-3.63,-0.84331,1.4383,-0.43985,-0.19641,-0.92886,7.34789,6.61847,G7,1.67865,109.65742,-7.35188
3305,Kebumen,JAWA TENGAH,33,JAWA,8.25,7.55,7.89,13.42,13.59,13.42,76.62,71.72,73.17,4.97,4.93,4.95,73.66,77.55,75.56,85.74,66.41,76.08,0.149,93.6,41520.57,1431777,0.7,-0.17,0.04,19.33,-3.89,-0.70462,-0.56754,-0.13303,0.38307,-0.07573,7.08629,6.60952,G7,0.71665,109.61741,-7.65527
3306,Purworejo,JAWA TENGAH,33,JAWA,9.31,8.36,8.74,13.7,13.58,13.58,78.23,74.77,75.93,3.92,3.47,3.72,74.08,78.03,76.06,85.83,64.2,75.02,0.145,95.58,26483.56,801670,0.95,0.12,0.45,21.63,-3.95,-0.69128,-0.89468,0.28978,0.46214,-0.29745,6.79267,6.45303,G7,1.02211,109.96572,-7.69947
3307,Wonosobo,JAWA TENGAH,33,JAWA,7.16,6.79,6.91,12.07,12.03,12.05,74.94,69.86,71.5,4.52,3.23,3.99,72.61,76.61,74.56,87.84,63.25,75.55,0.279,93.22,26743.57,931142,0.37,0.04,1.29,24.59,-4.0,-1.36715,-0.03928,0.07569,-0.50093,0.7855,7.11293,7.18607,,1.22972,109.90722,-7.41554
3308,Magelang,JAWA TENGAH,33,JAWA,8.37,7.76,8.04,12.83,13.08,12.83,77.16,72.0,73.09,3.09,4.06,3.52,73.13,77.64,74.93,86.15,70.08,78.12,0.395,93.31,46981.5,1351952,0.61,-0.25,-0.97,16.07,-4.51,-1.02548,-0.77405,-0.60744,-0.43243,-0.57349,7.90891,7.09843,,1.24283,110.24674,-7.50157
3309,Boyolali,JAWA TENGAH,33,JAWA,9.03,7.88,8.41,12.65,13.62,12.9,80.51,76.4,76.95,2.2,3.98,2.97,74.81,78.7,76.76,87.96,66.37,77.17,0.266,94.9,48841.47,1109332,1.15,-0.97,-1.78,21.59,-3.89,-0.72377,-0.38404,-1.25406,-0.36974,-0.50642,7.01849,6.28845,G7,1.36031,110.65066,-7.41856
3310,Klaten,JAWA TENGAH,33,JAWA,9.92,8.85,9.3,13.42,13.66,13.44,80.65,77.71,78.68,3.86,3.9,3.88,75.66,79.8,77.69,84.06,67.43,75.75,0.141,96.35,58434.97,1300940,1.07,-0.24,-0.04,16.63,-4.14,-0.33351,-1.45089,-0.07578,0.17066,-0.57012,6.82248,6.35995,G7,1.36853,110.61985,-7.68617
3311,Sukoharjo,JAWA TENGAH,33,JAWA,10.15,9.88,10.02,13.88,14.7,14.03,81.17,79.61,79.9,4.95,3.5,4.32,76.6,80.27,78.21,80.14,59.99,70.07,0.146,98.08,53489.29,950424,0.27,-0.82,1.45,20.15,-3.67,1.07295,-1.14808,-1.0678,0.67653,0.83966,10.74535,5.65169,,1.82971,110.83492,-7.68043
3312,Wonogiri,JAWA TENGAH,33,JAWA,8.37,7.46,7.85,12.64,12.78,12.76,77.25,71.5,73.42,2.39,1.88,2.16,75.2,79.25,77.3,88.03,69.43,78.73,0.164,92.56,42816.58,1057045,0.91,-0.14,0.51,18.6,-4.05,-1.38544,-1.31791,-0.38929,-0.58835,-0.21923,6.74835,6.41957,G7,1.481,111.00081,-7.91972
3313,Karanganyar,JAWA TENGAH,33,JAWA,9.74,8.75,9.27,13.43,13.82,13.74,79.7,77.43,78.67,4.2,2.07,3.26,76.3,80.22,78.21,84.76,65.06,74.91,0.215,97.15,55089.0,968484,0.99,-0.39,2.13,19.7,-3.92,-0.18554,-1.79839,-0.16582,0.25242,0.43388,6.76782,6.29072,G7,1.57847,111.01927,-7.61446
3314,Sragen,JAWA TENGAH,33,JAWA,8.5,7.4,7.89,12.92,13.28,13.21,79.91,74.43,76.38,2.87,4.29,3.49,74.55,78.43,76.48,84.95,65.03,74.99,0.305,93.14,56179.21,1011824,1.1,-0.36,-1.42,19.92,-3.88,-0.9024,-0.38168,-0.37579,7e-05,-0.68016,7.0418,6.33238,G7,0.99482,110.97743,-7.38713
3315,Grobogan,JAWA TENGAH,33,JAWA,7.9,7.03,7.51,13.91,12.58,12.58,78.97,68.71,72.94,2.92,3.36,3.12,73.7,77.51,75.57,87.53,67.69,77.61,0.237,87.01,40143.91,1519382,0.87,1.33,-0.44,19.84,-3.81,-2.2007,-0.58068,1.30159,0.20437,-1.23806,5.83081,7.49401,,2.17034,110.9271,-7.11688
3316,Blora,JAWA TENGAH,33,JAWA,7.86,7.2,7.45,12.99,12.83,12.83,77.0,66.59,72.35,4.08,3.01,3.61,73.36,77.21,75.23,87.52,67.85,77.69,0.198,86.48,35239.01,914172,0.66,0.16,1.07,19.67,-3.85,-1.52353,-0.74793,0.04595,0.06013,0.19181,6.75336,6.64298,G7,1.0272,111.38764,-7.07596
3317,Rembang,JAWA TENGAH,33,JAWA,8.4,7.41,7.89,12.33,12.63,12.5,77.79,69.05,73.4,2.69,3.18,2.9,73.4,78.14,75.29,87.76,64.17,75.97,0.25,88.76,27709.76,670095,0.99,-0.3,-0.49,23.59,-4.74,-0.94891,-0.52513,-0.03863,-0.98927,-0.32303,9.00625,7.36366,,1.22883,111.4613,-6.77549
3318,Pati,JAWA TENGAH,33,JAWA,8.68,7.78,8.09,13.11,13.08,13.08,79.25,73.45,74.98,4.76,2.39,3.71,74.94,78.71,76.83,86.65,67.66,77.16,0.23,92.68,63627.13,1381912,0.9,0.03,2.37,18.99,-3.77,-1.1677,-1.42907,0.25396,0.21335,0.53531,6.71514,6.37172,G7,1.47741,111.04141,-6.74342
3319,Kudus,JAWA TENGAH,33,JAWA,9.7,9.17,9.51,13.25,13.83,13.49,81.18,76.82,77.94,4.4,1.78,3.23,75.46,79.07,77.21,84.84,66.78,75.81,0.207,94.63,132316.91,891721,0.53,-0.58,2.62,18.06,-3.61,-0.26405,-1.64086,-0.9389,0.52944,1.01031,6.72359,6.30215,G7,1.99981,110.86972,-6.78907
3320,Jepara,JAWA TENGAH,33,JAWA,8.7,7.88,8.28,12.78,13.27,12.87,78.71,72.34,74.9,3.22,3.41,3.3,74.61,78.42,76.49,83.5,63.47,73.49,0.22,91.91,43448.83,1244314,0.82,-0.49,-0.19,20.03,-3.81,-0.69363,-0.46891,-0.60163,-0.02279,0.0614,6.92422,6.46305,G7,0.74206,110.76767,-6.54866
3321,Demak,JAWA TENGAH,33,JAWA,8.83,7.89,8.29,13.35,13.58,13.37,79.61,72.82,75.08,4.25,5.04,4.58,74.16,77.97,76.08,85.59,60.41,73.0,0.286,91.47,38778.51,1265053,0.94,-0.23,-0.79,25.18,-3.81,-0.34886,-0.03821,0.04202,0.31847,-0.29878,7.09818,6.41775,G7,0.49324,110.63202,-6.91112
3322,Semarang,JAWA TENGAH,33,JAWA,8.59,7.95,8.17,13.38,13.07,13.23,78.19,75.41,76.4,3.83,3.37,3.63,74.52,78.34,76.45,88.76,71.16,79.96,0.299,96.44,70391.63,1098572,0.64,0.31,0.46,17.6,-3.82,-1.28151,-1.24691,-0.06235,0.21638,-0.4453,6.70471,6.48331,G7,1.33408,110.47527,-7.27203
3323,Temanggung,JAWA TENGAH,33,JAWA,7.76,7.48,7.61,12.55,12.87,12.63,74.61,71.63,72.52,2.15,2.52,2.31,74.43,78.05,76.16,86.36,69.2,77.78,0.207,96.01,31204.37,821118,0.28,-0.32,-0.37,17.16,-3.62,-1.35279,-0.57171,-1.36581,-0.26936,-0.00424,6.87562,6.51224,G7,1.47139,110.13563,-7.25786
3324,Kendal,JAWA TENGAH,33,JAWA,8.42,7.52,7.97,13.0,13.41,13.01,78.21,73.75,75.07,4.26,5.07,4.6,73.2,76.9,74.96,88.03,64.8,76.42,0.198,94.3,64590.8,1076483,0.9,-0.41,-0.81,23.23,-3.7,-0.90728,0.0359,-0.42757,0.30997,-0.12802,7.20275,6.54568,G7,0.68763,110.15603,-7.03778
3325,Batang,JAWA TENGAH,33,JAWA,7.58,7.07,7.35,12.01,12.46,12.18,74.92,69.84,71.7,3.48,7.25,5.07,73.48,77.25,75.35,89.61,65.95,77.78,0.199,93.22,33370.61,847175,0.51,-0.45,-3.77,23.66,-3.77,-0.88089,0.90799,-1.00367,-0.44276,-1.02553,7.32836,6.5876,G7,1.72827,109.86147,-7.0213
3326,Pekalongan,JAWA TENGAH,33,JAWA,7.85,7.26,7.5,12.28,13.2,12.63,76.1,70.93,72.71,3.31,3.14,3.24,72.62,76.48,74.59,86.1,68.2,77.15,0.201,93.21,32684.21,1030342,0.59,-0.92,0.17,17.9,-3.86,-1.218,-0.35902,-1.44515,-0.21039,0.63127,7.07332,6.83395,G7,1.60112,109.62042,-7.05678
3327,Pemalang,JAWA TENGAH,33,JAWA,7.16,6.31,6.69,12.25,12.03,12.03,74.18,65.06,69.47,8.08,4.4,6.61,72.62,76.53,74.55,85.79,57.88,71.84,0.263,87.71,37496.54,1559306,0.85,0.22,3.68,27.91,-3.91,-1.10173,-0.00309,1.71356,0.06069,1.74138,7.36635,7.35792,,2.49345,109.39498,-7.03654
3328,Tegal,JAWA TENGAH,33,JAWA,7.84,6.91,7.37,13.29,12.9,12.97,77.31,68.94,72.36,8.37,6.55,7.61,72.67,76.61,74.62,83.37,60.44,71.91,0.202,89.17,51416.47,1694235,0.93,0.39,1.82,22.93,-3.94,-0.68598,-0.12556,1.7631,0.77922,0.61233,7.26632,7.42219,,1.86692,109.1584,-7.03109
3329,Brebes,JAWA TENGAH,33,JAWA,6.94,6.16,6.61,12.79,12.58,12.66,75.62,66.52,71.18,10.01,5.12,8.07,72.68,76.45,74.4,85.95,57.54,71.75,0.255,87.97,66309.53,2087331,0.78,0.21,4.89,28.41,-3.77,-0.73866,-0.17037,1.99294,0.59731,2.2525,7.39783,7.42925,,3.10879,108.92752,-7.05932
3371,Kota Magelang,JAWA TENGAH,33,JAWA,11.73,11.3,11.44,14.71,14.91,14.84,84.53,82.07,82.92,4.6,3.94,4.31,75.85,79.88,78.03,76.1,59.5,67.8,0.124,97.09,12706.22,122674,0.43,-0.2,0.66,16.6,-4.03,1.48261,-1.6041,-0.27617,1.33729,-0.2271,10.92895,5.56272,,2.0448,110.22013,-7.47714
3372,Kota Surakarta,JAWA TENGAH,33,JAWA,11.67,11.09,11.26,14.87,15.24,15.08,85.76,83.63,84.92,5.34,3.48,4.5,76.29,80.05,78.18,79.94,61.86,70.9,0.163,97.52,68789.17,529079,0.58,-0.37,1.86,18.08,-3.76,1.26994,-1.91743,-0.3893,1.52665,0.26654,10.77963,5.60288,,2.31719,110.82339,-7.55808
3373,Kota Salatiga,JAWA TENGAH,33,JAWA,11.89,11.23,11.49,15.47,15.53,15.47,89.16,85.33,86.23,3.58,3.79,3.67,76.66,80.68,78.75,79.93,62.3,71.12,0.223,95.7,19384.47,203554,0.66,-0.06,-0.21,17.63,-4.02,1.34698,-1.91772,-0.32386,1.3437,-0.99728,10.88864,5.53037,,2.4517,110.49843,-7.33827
3374,Kota Semarang,JAWA TENGAH,33,JAWA,11.56,10.82,11.11,15.79,15.57,15.58,87.57,84.4,85.8,5.26,6.14,5.65,76.65,80.66,78.72,81.61,63.95,72.78,0.125,96.38,288050.38,1722421,0.74,0.22,-0.88,17.66,-4.01,1.37712,-1.7326,0.30126,1.57126,-1.44868,10.98727,5.53169,,2.75081,110.38953,-7.02042
3375,Kota Pekalongan,JAWA TENGAH,33,JAWA,9.56,9.23,9.35,12.78,13.22,12.98,80.52,77.02,77.76,3.87,6.1,4.83,73.26,77.0,75.1,85.19,65.38,75.29,0.184,95.65,15901.56,324564,0.33,-0.44,-2.23,19.81,-3.74,-0.15183,0.12929,-1.14178,0.52181,-0.61365,7.44246,6.72258,G7,1.30652,109.67788,-6.89301
3376,Kota Tegal,JAWA TENGAH,33,JAWA,9.58,9.09,9.29,13.2,13.42,13.26,81.58,76.72,77.95,8.1,2.69,5.82,73.43,77.24,75.3,79.48,58.06,68.77,0.159,94.04,22247.69,288817,0.49,-0.22,5.41,21.42,-3.81,0.1672,-1.19809,0.74011,1.089,2.37816,7.40277,7.41033,,3.07508,109.11577,-6.86882
3401,Kulon Progo,DI YOGYAKARTA,34,JAWA,9.53,9.15,9.33,14.55,15.44,14.55,80.25,76.97,76.97,2.23,2.03,2.14,73.94,78.62,75.71,85.35,71.81,78.58,0.333,95.91,17929.51,447462,0.38,-0.89,0.2,13.54,-4.68,0.01369,-1.94988,-1.83682,-0.07167,-0.17444,8.66476,6.38332,,2.25522,110.16708,-7.81848
3402,Bantul,DI YOGYAKARTA,34,JAWA,10.42,9.97,10.11,15.93,15.72,15.91,85.24,82.2,83.03,3.78,3.3,3.57,73.31,77.84,75.04,84.39,65.53,74.96,0.123,96.43,39170.71,1025750,0.45,0.21,0.48,18.86,-4.53,0.55416,-1.77439,-0.14934,1.25336,-0.76392,11.20957,5.65638,G6,2.11052,110.3544,-7.90187
3403,Gunung Kidul,DI YOGYAKARTA,34,JAWA,8.2,7.33,7.64,13.48,13.84,13.56,78.83,68.87,73.13,2.84,1.31,2.15,73.39,77.92,75.12,86.88,67.49,77.19,0.166,87.37,28869.98,753187,0.87,-0.36,1.53,19.39,-4.53,-1.1322,-1.37837,-0.38374,-0.42668,0.33647,6.55713,6.99576,,1.43064,110.61254,-7.99436
3404,Sleman,DI YOGYAKARTA,34,JAWA,11.7,11.17,11.42,16.81,16.79,16.8,87.93,85.44,86.35,4.69,3.3,4.07,73.95,78.75,75.81,82.62,63.64,73.13,0.121,97.17,69114.42,1179382,0.53,0.02,1.39,18.98,-4.8,1.59178,-2.43671,-0.01154,1.61301,-0.59026,11.51089,5.74393,,2.76178,110.38344,-7.71582
3471,Kota Yogyakarta,DI YOGYAKARTA,34,JAWA,12.26,11.93,12.13,17.53,17.7,17.67,90.08,89.41,89.53,5.98,5.42,5.72,74.22,79.03,76.05,78.77,63.85,71.31,0.162,99.26,52848.54,375768,0.33,-0.17,0.56,14.92,-4.81,2.54663,-2.50743,-0.2525,2.27497,-0.88861,11.59434,5.79933,,3.46766,110.37442,-7.80335
3501,Pacitan,JAWA TIMUR,35,JAWA,8.17,7.7,7.91,12.94,12.65,12.7,76.96,67.41,72.26,1.41,1.38,1.4,72.33,77.76,74.98,88.06,73.55,80.81,0.326,87.59,22510.01,589034,0.47,0.29,0.03,14.51,-5.43,-1.46086,-1.80555,-0.18178,-1.44674,-0.86613,5.62843,6.76051,,2.3968,111.17906,-8.12621
3502,Ponorogo,JAWA TIMUR,35,JAWA,8.27,7.57,7.95,13.66,14.01,13.93,77.39,73.84,74.65,3.92,3.78,3.85,72.85,78.51,75.61,86.69,73.26,79.98,0.299,95.41,28989.92,966111,0.7,-0.35,0.14,13.43,-5.66,-0.31614,-2.10084,-0.18638,-1.06279,-0.67966,9.48054,6.60252,,2.16277,111.49937,-7.93132
3503,Trenggalek,JAWA TIMUR,35,JAWA,8.28,7.8,8.09,12.59,12.82,12.78,77.78,72.83,73.39,4.25,3.37,3.86,73.83,78.53,75.63,86.61,68.78,77.7,0.215,93.64,26249.0,747614,0.48,-0.23,0.88,17.83,-4.7,-0.68993,-1.23019,-0.25651,-0.68284,0.1396,7.93668,7.06304,,1.29237,111.62621,-8.16184
3504,Tulungagung,JAWA TIMUR,35,JAWA,8.96,8.46,8.69,13.5,13.87,13.5,78.87,75.59,75.88,3.68,4.5,4.03,73.86,78.39,75.51,86.54,63.02,74.78,0.191,95.84,55403.25,1119588,0.5,-0.37,-0.82,23.52,-4.53,0.06721,-0.49444,-0.49019,-0.27575,-0.35863,7.94409,7.15705,,0.75781,111.8872,-8.11325
3505,Blitar,JAWA TIMUR,35,JAWA,8.15,7.9,8.01,12.39,13.33,12.83,78.03,73.62,74.43,3.61,5.64,4.49,73.92,78.53,75.63,86.12,65.5,75.81,0.161,94.35,51192.98,1273451,0.25,-0.94,-2.03,20.62,-4.61,0.09644,-0.11512,-1.39565,-0.89488,-0.30754,8.04024,7.55008,,1.53155,112.23813,-8.13011
3506,Kediri,JAWA TIMUR,35,JAWA,8.8,7.97,8.38,13.55,13.89,13.77,79.73,75.06,76.09,5.23,3.86,4.71,72.69,78.28,75.41,85.58,53.55,69.57,0.196,94.14,58721.19,1702262,0.83,-0.34,1.37,32.03,-5.59,0.9393,-0.69585,1.03363,-1.03214,0.43344,10.57764,7.64308,,1.61863,112.08964,-7.82887
3507,Malang,JAWA TIMUR,35,JAWA,8.37,7.62,7.98,13.5,13.66,13.6,78.51,70.52,74.45,5.06,4.93,5.0,72.86,78.53,75.63,87.96,59.74,73.85,0.397,89.82,150228.0,2755438,0.75,-0.16,0.13,28.22,-5.67,0.53481,-0.84543,0.87614,-1.26415,-0.31426,10.03818,7.36353,,1.67318,112.64101,-8.12677
3508,Lumajang,JAWA TIMUR,35,JAWA,7.68,6.85,7.28,12.54,12.42,12.53,75.57,68.24,71.02,2.49,4.01,3.08,72.19,77.55,74.8,87.03,52.95,69.99,0.221,90.3,46492.44,1152264,0.83,0.12,-1.52,34.08,-5.36,-0.25198,0.49415,0.94703,-1.66795,-0.65895,9.93284,8.11092,,2.02026,113.13757,-8.1253
3509,Jember,JAWA TIMUR,35,JAWA,7.24,6.23,6.64,13.68,13.49,13.51,76.72,66.59,71.57,3.06,3.08,3.07,71.89,76.96,74.37,88.61,63.21,75.91,0.227,86.8,110981.91,2620135,1.01,0.19,-0.02,25.4,-5.07,-1.12875,-0.6206,0.77265,-0.92597,-0.50732,5.27865,7.20911,G1,1.48135,113.6557,-8.23598
3510,Banyuwangi,JAWA TIMUR,35,JAWA,8.4,7.28,7.84,13.13,13.41,13.32,79.71,70.39,75.17,3.54,4.5,3.94,71.94,77.05,74.43,86.41,61.23,73.82,0.349,88.31,118367.44,1764540,1.12,-0.28,-0.96,25.18,-5.11,-0.40616,-0.34276,0.43741,-0.73449,-0.58548,9.47351,7.36582,G5,1.09978,114.20542,-8.36486
3511,Bondowoso,JAWA TIMUR,35,JAWA,7.16,5.9,6.54,13.59,13.34,13.34,76.02,69.61,71.72,2.82,2.21,2.55,71.31,75.74,73.47,89.22,65.84,77.53,0.314,91.57,28564.52,796300,1.26,0.25,0.61,23.38,-4.43,-2.04558,-0.56636,0.66103,-0.25833,-0.23025,5.06548,7.43949,G1,1.34285,113.94755,-7.94402
3512,Situbondo,JAWA TIMUR,35,JAWA,7.73,6.41,7.03,13.53,13.2,13.21,77.36,68.24,71.87,3.44,2.5,3.02,71.36,75.83,73.54,89.09,68.47,78.78,0.39,88.21,28974.88,704243,1.32,0.33,0.94,20.62,-4.47,-2.08431,-0.91311,0.8254,-0.09214,-0.27682,5.0633,7.46506,G1,1.53089,114.05241,-7.80138
3513,Probolinggo,JAWA TIMUR,35,JAWA,7.08,5.84,6.43,13.01,12.65,12.8,76.88,67.02,71.65,2.98,2.84,2.92,71.72,76.6,74.1,88.85,65.13,76.99,0.4,87.17,49412.13,1193272,1.24,0.36,0.14,23.72,-4.88,-1.85831,-0.56031,1.05254,-0.91671,-0.50755,5.16168,7.297,G1,1.76044,113.32096,-7.86667
3514,Pasuruan,JAWA TIMUR,35,JAWA,8.14,6.97,7.47,13.01,12.87,12.91,76.79,70.69,73.02,3.95,4.59,4.22,72.19,77.56,74.81,86.55,63.05,74.8,0.283,92.06,218782.55,1669400,1.17,0.14,-0.64,23.5,-5.37,-0.73426,-0.63205,1.14135,-1.06726,-0.80319,9.5636,7.42942,G5,1.80969,112.83156,-7.74318
3515,Sidoarjo,JAWA TIMUR,35,JAWA,11.26,10.8,10.94,15.1,15.36,15.23,87.02,83.07,83.35,5.74,5.76,5.75,74.26,79.06,76.08,83.56,55.53,69.55,0.173,95.46,319245.71,2193692,0.46,-0.26,-0.02,28.03,-4.8,2.05603,-0.90509,0.23649,0.78259,-0.36211,12.61213,6.71078,G6,1.57925,112.70028,-7.45163
3516,Mojokerto,JAWA TIMUR,35,JAWA,9.71,8.66,9.14,13.07,13.23,13.16,81.35,75.53,77.46,3.59,3.36,3.49,72.58,78.12,75.28,82.46,66.03,74.25,0.209,92.85,122609.1,1162696,1.05,-0.16,0.23,16.43,-5.54,-0.23896,-1.59524,0.52578,-0.76934,-0.58336,9.63144,6.8218,,1.70857,112.48525,-7.54987
3517,Jombang,JAWA TIMUR,35,JAWA,9.31,8.38,8.88,13.44,13.89,13.62,80.31,73.58,76.37,2.66,4.2,3.28,72.32,77.75,74.97,86.43,58.77,72.6,0.265,91.62,58192.08,1373793,0.93,-0.45,-1.54,27.66,-5.43,0.40163,-0.44971,0.03889,-0.98048,-0.82232,9.59875,7.18716,G5,1.3942,112.26513,-7.5451
3518,Nganjuk,JAWA TIMUR,35,JAWA,8.76,7.86,8.26,13.05,13.85,13.19,79.66,75.74,75.89,3.62,4.16,3.84,72.32,77.74,74.96,85.95,60.43,73.19,0.391,95.08,39070.26,1138604,0.9,-0.8,-0.54,25.52,-5.42,0.2433,-0.55211,-0.15961,-1.21951,-0.10522,9.5322,7.07929,G5,1.30358,111.93844,-7.59742
3519,Madiun,JAWA TIMUR,35,JAWA,8.62,7.92,8.21,13.24,13.76,13.28,78.88,73.85,75.47,2.83,3.71,3.22,72.44,77.92,75.11,83.72,64.57,74.15,0.139,93.62,27482.74,760948,0.7,-0.52,-0.88,19.15,-5.48,-0.06947,-0.97059,-0.30382,-1.17347,-0.54583,9.45752,6.893,,1.551,111.64572,-7.62422
3520,Magetan,JAWA TIMUR,35,JAWA,9.3,8.45,8.84,14.28,14.09,14.09,81.03,76.99,77.58,2.5,4.21,3.26,72.98,78.69,75.76,84.78,65.11,74.95,0.182,95.01,26371.69,689209,0.85,0.19,-1.71,19.67,-5.71,0.13472,-1.37817,0.52996,-0.88016,-1.68579,9.63525,7.00444,G5,2.39184,111.3579,-7.66288
3521,Ngawi,JAWA TIMUR,35,JAWA,8.36,7.57,7.88,12.75,13.73,12.9,77.88,73.49,74.43,2.61,1.8,2.26,72.75,78.36,75.49,85.84,63.74,74.79,0.159,94.36,27750.13,887172,0.79,-0.98,0.81,22.1,-5.61,-0.16142,-1.26336,-0.60866,-1.8175,0.41676,9.43954,6.9411,G5,2.18561,111.34309,-7.43924
3522,Bojonegoro,JAWA TIMUR,35,JAWA,8.2,7.31,7.78,12.77,13.45,13.27,77.3,71.55,73.74,3.84,3.99,3.9,72.52,78.03,75.2,88.28,69.0,78.64,0.352,92.56,104969.98,1330516,0.89,-0.68,-0.15,19.28,-5.51,-0.35131,-1.33838,-0.27775,-1.32375,-0.31667,9.43974,6.78484,,1.76609,111.80984,-7.25543
3523,Tuban,JAWA TIMUR,35,JAWA,8.02,7.12,7.54,12.66,12.93,12.77,77.68,69.69,73.15,3.44,3.44,3.44,72.54,78.06,75.23,87.22,58.73,72.98,0.229,89.71,92538.34,1231374,0.9,-0.27,0.0,28.49,-5.52,-0.18903,-0.4933,0.61672,-1.63786,-0.12735,9.77687,7.47651,G5,1.75581,111.89149,-6.95316
3524,Lamongan,JAWA TIMUR,35,JAWA,9.28,8.28,8.73,13.69,14.17,14.04,80.82,73.43,76.81,4.17,4.44,4.29,72.68,78.26,75.4,87.05,62.65,74.85,0.219,90.86,56106.14,1386390,1.0,-0.48,-0.27,24.4,-5.58,0.48889,-1.18701,0.30277,-0.85603,-0.54145,9.7545,6.98856,,1.46611,112.30078,-7.1312
3525,Gresik,JAWA TIMUR,35,JAWA,10.35,9.99,10.13,14.15,13.99,13.99,83.99,77.28,79.69,5.67,5.15,5.47,72.26,77.67,74.9,83.38,52.54,67.96,0.31,92.01,202004.47,1377287,0.36,0.16,0.52,30.84,-5.41,1.56429,-0.52503,1.1059,-0.16001,-0.11672,12.14165,6.97422,G6,1.33951,112.55833,-6.92791
3526,Bangkalan,JAWA TIMUR,35,JAWA,6.93,5.55,6.15,12.18,12.06,12.09,73.25,64.77,68.15,5.63,4.85,5.31,71.41,75.94,73.62,82.85,55.6,69.23,0.623,88.42,30704.31,1112956,1.38,0.12,0.78,27.25,-4.53,-1.36598,0.56727,1.79512,-0.49417,0.48847,8.2794,8.64168,,1.90615,112.93019,-7.04387
3527,Sampang,JAWA TIMUR,35,JAWA,5.79,4.67,5.19,12.59,12.39,12.56,72.14,63.04,67.23,3.29,1.36,2.44,71.58,76.31,73.89,88.21,67.01,77.61,0.545,87.39,26234.54,1027538,1.12,0.2,1.93,21.2,-4.73,-2.46693,-0.80529,0.84522,-1.13109,0.45011,5.12129,7.2623,G1,2.02648,113.25609,-7.05226
3528,Pamekasan,JAWA TIMUR,35,JAWA,8.06,6.6,7.29,13.98,13.72,13.83,76.65,67.48,71.64,1.52,1.11,1.33,71.56,76.26,73.85,87.66,72.44,80.05,0.564,88.04,24303.86,893327,1.46,0.26,0.41,15.22,-4.7,-2.27278,-1.60566,0.35341,-0.13653,-0.8537,5.29215,7.11822,G1,2.03322,113.50389,-7.06526
3529,Sumenep,JAWA TIMUR,35,JAWA,7.22,5.6,6.24,13.72,13.49,13.6,76.06,63.56,70.54,1.83,1.44,1.64,71.71,76.58,74.09,87.68,72.94,80.31,0.477,83.57,48799.39,1159397,1.62,0.23,0.39,14.74,-4.87,-2.55698,-1.55755,0.64324,-0.57227,-0.83943,5.24687,7.09941,G1,2.21102,114.40525,-6.96655
3571,Kota Kediri,JAWA TIMUR,35,JAWA,11.48,10.69,11.09,15.58,15.89,15.72,85.43,82.32,82.71,4.36,2.96,3.76,73.4,79.3,76.28,81.42,59.93,70.68,0.125,96.36,175166.36,301202,0.79,-0.31,1.4,21.49,-5.9,1.90322,-2.45899,0.46577,0.04156,-0.44366,12.30621,6.04884,G6,2.33275,112.01384,-7.82631
3572,Kota Blitar,JAWA TIMUR,35,JAWA,11.01,10.75,10.83,14.73,14.98,14.82,83.45,81.87,82.03,4.97,3.43,4.28,73.61,78.34,75.47,84.84,67.37,76.11,0.154,98.11,9871.55,156330,0.26,-0.25,1.54,17.47,-4.73,0.86696,-2.04837,-0.52843,0.74316,0.01461,11.03224,5.78782,G6,1.93961,112.167,-8.09502
3573,Kota Malang,JAWA TIMUR,35,JAWA,11.74,11.33,11.36,15.98,15.79,15.8,88.11,85.5,85.55,6.14,5.12,5.69,73.07,78.83,75.88,79.35,60.62,69.99,0.137,97.04,108152.82,879873,0.41,0.19,1.02,18.73,-5.76,2.17085,-2.2609,0.94576,0.67071,-0.73746,12.42594,6.12857,G6,2.54402,112.63638,-7.97896
3574,Kota Probolinggo,JAWA TIMUR,35,JAWA,10.18,9.41,9.73,14.24,13.96,13.99,79.77,77.79,78.5,5.97,3.45,4.93,72.07,77.33,74.64,81.29,55.97,68.63,0.347,97.52,16507.34,252085,0.77,0.28,2.52,25.32,-5.26,0.70411,-1.24674,1.56317,0.19004,0.415,12.01862,6.5644,G6,1.79695,113.20532,-7.77507
3575,Kota Pasuruan,JAWA TIMUR,35,JAWA,10.26,9.81,9.98,13.68,13.95,13.68,80.4,79.27,79.52,4.95,4.14,4.59,72.5,78.01,75.19,84.65,66.72,75.69,0.187,98.59,12007.28,222334,0.45,-0.27,0.81,17.93,-5.51,0.62686,-1.7656,0.03168,-0.44658,-0.21216,10.33654,6.55348,,1.56443,112.90969,-7.64996
3576,Kota Mojokerto,JAWA TIMUR,35,JAWA,11.74,11.18,11.44,14.43,14.14,14.14,85.61,81.89,82.35,5.37,3.68,4.66,73.42,79.34,76.31,82.48,57.92,70.2,0.154,95.65,9181.09,138613,0.56,0.29,1.69,24.56,-5.92,1.70083,-2.02369,1.34307,-0.33388,-0.35519,12.2654,6.37273,G6,2.26449,112.43744,-7.47131
3577,Kota Madiun,JAWA TIMUR,35,JAWA,12.39,11.75,12.12,14.51,14.91,14.55,88.33,84.84,85.12,4.09,4.54,4.29,73.26,79.11,76.11,80.39,62.59,71.49,0.092,96.05,19964.06,203552,0.64,-0.4,-0.45,17.8,-5.85,1.89316,-2.04787,0.00265,-0.04917,-1.00434,12.31851,6.04723,G6,2.24128,111.52818,-7.62798
3578,Kota Surabaya,JAWA TIMUR,35,JAWA,11.46,10.91,11.15,15.14,14.71,14.88,87.96,84.41,85.65,4.81,4.88,4.84,73.45,79.38,76.34,81.42,60.16,70.79,0.151,95.96,830543.35,2931611,0.55,0.43,-0.07,21.26,-5.93,1.7314,-1.9637,1.19986,-0.0663,-1.29636,12.31109,6.20241,G6,2.55473,112.72267,-7.27539
3579,Kota Batu,JAWA TIMUR,35,JAWA,10.14,9.87,9.95,14.56,14.59,14.59,84.09,77.25,80.35,4.1,2.82,3.53,72.92,78.62,75.7,88.45,72.57,80.51,0.163,91.87,23682.06,225120,0.27,-0.03,1.28,15.88,-5.7,0.488,-2.71827,-0.23675,-0.51944,-0.57167,10.08644,6.45377,,2.39269,112.53112,-7.83311
3601,Pandeglang,BANTEN,36,JAWA,7.96,7.11,7.5,13.52,14.16,13.75,76.8,67.76,71.84,8.95,8.47,8.8,72.02,77.22,74.56,83.52,39.41,61.47,0.482,88.23,38754.23,1338368,0.85,-0.64,0.48,44.11,-5.2,2.13533,1.39083,1.87652,-0.52907,1.08264,11.75545,8.89233,G3,2.6163,105.74295,-6.59023
3602,Lebak,BANTEN,36,JAWA,7.25,6.3,6.78,12.19,12.1,12.12,73.85,60.65,69.24,7.46,6.99,7.3,71.85,76.87,74.3,81.86,45.78,63.82,0.545,82.13,40576.64,1463818,0.95,0.09,0.47,36.08,-5.02,0.33013,1.21275,2.32996,-0.8786,0.68145,12.12579,9.12262,G3,2.51946,106.21283,-6.6421
3603,Tangerang,BANTEN,36,JAWA,9.51,8.84,9.16,12.89,12.95,12.89,80.47,75.08,76.74,5.64,6.47,5.94,72.87,78.54,75.63,83.64,48.27,65.96,0.272,93.3,199839.37,3435155,0.67,-0.06,-0.83,35.37,-5.67,1.52425,0.29046,1.47292,-1.17796,-0.31604,11.96722,8.75769,G3,1.93964,106.51863,-6.17427
3604,Serang,BANTEN,36,JAWA,8.47,7.66,8.03,12.96,13.42,13.02,77.94,73.07,74.1,7.19,11.48,8.73,72.67,78.25,75.39,84.63,49.66,67.15,0.517,93.75,108865.89,1720321,0.81,-0.46,-4.29,34.97,-5.58,1.79619,1.40785,1.20541,-1.14296,-1.30275,11.62024,9.50787,,2.5745,106.14865,-6.14301
3671,Kota Tangerang,BANTEN,36,JAWA,11.64,11.18,11.46,13.96,13.97,13.96,85.18,82.0,82.41,6.1,5.53,5.88,73.05,78.81,75.86,79.78,48.7,64.24,0.195,96.27,242163.1,1971652,0.46,-0.01,0.57,31.08,-5.76,2.50863,-0.74767,1.35217,-0.21586,-0.13094,12.40395,6.89102,G6,1.87084,106.6518,-6.18287
3672,Kota Cilegon,BANTEN,36,JAWA,10.72,10.07,10.4,13.4,14.73,13.41,84.14,75.13,79.54,9.37,3.79,7.41,72.71,78.31,75.45,78.92,43.31,61.12,0.25,89.29,148562.63,460402,0.65,-1.33,5.58,35.61,-5.6,2.8604,-0.81795,1.16945,-0.45891,3.10532,11.76779,7.52748,G6,3.9618,106.01938,-5.99818
3673,Kota Serang,BANTEN,36,JAWA,9.61,8.53,8.94,12.97,12.85,12.85,81.6,76.51,77.5,7.0,6.87,6.95,72.86,78.53,75.63,82.16,52.51,67.34,0.538,93.76,45960.61,745557,1.08,0.12,0.13,29.65,-5.67,1.03202,-0.27258,2.19414,-0.82194,-0.27355,12.06879,8.61771,G3,2.15533,106.16629,-6.12341
3674,Kota Tangerang Selatan,BANTEN,36,JAWA,12.37,11.65,12.1,14.53,14.85,14.71,87.96,84.02,84.81,3.21,5.72,4.13,73.24,79.08,76.09,77.24,43.93,60.59,0.152,95.52,119858.7,1402163,0.72,-0.32,-2.51,33.31,-5.84,3.01631,-0.16325,0.66012,-0.20479,-1.31485,12.6255,6.47667,G6,2.22865,106.70742,-6.30181
5101,Jembrana,BALI,51,BALI & NUSRA,9.42,8.12,8.71,13.05,13.17,13.13,78.32,74.83,75.94,1.74,1.54,1.64,72.69,78.28,75.42,84.35,73.09,78.72,0.234,95.54,18236.31,327708,1.3,-0.12,0.2,11.26,-5.59,-1.2252,-2.28415,0.16408,-1.05656,-0.96897,5.66007,6.78743,,2.48244,114.6822,-8.31237
5102,Tabanan,BALI,51,BALI & NUSRA,10.5,9.09,9.81,13.35,13.41,13.37,80.96,78.05,79.7,1.7,1.44,1.58,73.72,78.14,76.07,83.67,70.28,76.98,0.175,96.41,29983.84,469130,1.41,-0.06,0.26,13.39,-4.42,-1.19923,-1.9053,-0.07211,0.20757,-0.8233,6.07263,6.69595,,1.92384,115.07802,-8.42931
5103,Badung,BALI,51,BALI & NUSRA,11.62,10.79,11.26,14.53,14.22,14.26,86.51,83.24,84.27,1.46,1.71,1.57,74.31,78.37,76.18,81.56,67.71,74.64,0.213,96.22,81663.17,573704,0.83,0.31,-0.25,13.85,-4.06,-0.37672,-1.83403,-0.36752,1.14305,-1.17285,10.65217,5.48981,,2.31305,115.18835,-8.58285
5104,Gianyar,BALI,51,BALI & NUSRA,10.67,9.21,9.93,14.1,14.17,14.12,83.23,79.24,80.96,1.19,1.96,1.55,73.8,78.19,76.14,81.49,70.13,75.81,0.156,95.21,36116.87,530115,1.46,-0.07,-0.77,11.36,-4.39,-0.95283,-1.89008,-0.22008,0.58088,-1.35401,6.15948,6.67981,,2.29175,115.28758,-8.48066
5105,Klungkung,BALI,51,BALI & NUSRA,9.62,7.9,8.75,13.96,13.14,13.14,80.07,74.51,75.89,1.43,0.83,1.15,72.61,78.16,75.32,83.5,73.83,78.67,0.232,93.06,12003.73,209871,1.72,0.82,0.6,9.67,-5.55,-2.03112,-2.62613,1.50787,-0.65065,-1.60106,5.50873,6.82826,G1,3.31318,115.49327,-8.66629
5106,Bangli,BALI,51,BALI & NUSRA,8.45,7.38,7.8,13.0,12.43,12.54,77.16,72.14,73.22,1.25,0.14,0.73,72.05,77.28,74.6,86.96,76.48,81.72,0.216,93.49,9155.0,263170,1.07,0.57,1.11,10.48,-5.23,-2.46571,-2.27668,0.46761,-1.03466,-0.82865,5.50021,6.83315,,2.67771,115.34673,-8.29346
5107,Karangasem,BALI,51,BALI & NUSRA,7.75,5.91,6.98,12.8,13.03,12.92,75.86,69.24,71.89,1.48,2.15,1.8,71.99,77.17,74.52,88.92,80.53,84.73,0.232,91.27,21804.41,504608,1.84,-0.23,-0.67,8.39,-5.18,-2.68748,-2.05049,0.01417,-1.00212,-1.31602,5.36778,6.95708,,2.80679,115.53017,-8.37418
5108,Buleleng,BALI,51,BALI & NUSRA,8.69,7.23,7.94,13.51,13.29,13.31,79.97,74.57,76.06,1.58,1.44,1.51,72.24,77.63,74.87,86.57,73.06,79.82,0.254,93.25,45120.51,820477,1.46,0.22,0.14,13.51,-5.39,-1.79004,-2.04866,0.58401,-0.88636,-1.15536,5.47937,6.86585,,2.51709,114.9631,-8.20069
5171,Kota Denpasar,BALI,51,BALI & NUSRA,11.93,11.48,11.64,14.22,14.14,14.14,87.23,85.35,85.63,1.62,1.13,1.41,74.33,79.16,76.16,80.08,61.74,70.91,0.203,97.84,71099.12,762484,0.45,0.08,0.49,18.34,-4.83,0.637,-1.83057,-0.3545,0.34197,-0.61334,10.7293,5.4114,,1.7393,115.22094,-8.66871
5201,Lombok Barat,NUSA TENGGARA BARAT,52,BALI & NUSRA,7.92,6.46,7.15,14.28,13.89,14.17,78.53,71.02,73.52,2.97,2.63,2.82,71.03,75.14,73.03,84.82,63.97,74.4,0.527,90.44,20583.19,776300,1.46,0.39,0.34,20.85,-4.11,-1.86901,-0.51598,0.88991,0.78551,-0.49188,5.03603,7.62157,G1,1.61496,116.09424,-8.66441
5202,Lombok Tengah,NUSA TENGGARA BARAT,52,BALI & NUSRA,7.72,6.51,7.08,14.29,13.7,13.9,76.91,68.47,72.07,3.86,2.7,3.36,69.94,73.94,71.89,88.38,68.4,78.39,0.541,89.03,24165.32,1129778,1.21,0.59,1.16,19.98,-4.0,-2.31798,-0.63834,0.85238,0.96297,-0.19587,4.95494,7.65721,G1,1.79359,116.2893,-8.72296
5203,Lombok Timur,NUSA TENGGARA BARAT,52,BALI & NUSRA,8.18,7.32,7.71,14.08,14.21,14.08,75.75,70.16,72.35,3.05,2.51,2.82,70.33,74.34,72.29,88.98,67.8,78.39,0.543,92.62,28234.56,1437357,0.86,-0.13,0.54,21.18,-4.01,-1.56834,-0.54263,-0.46786,0.71245,0.04871,6.13983,8.06755,G2,1.23418,116.53081,-8.5328
5204,Sumbawa,NUSA TENGGARA BARAT,52,BALI & NUSRA,9.29,8.39,8.88,13.33,13.43,13.35,76.03,72.08,73.27,2.95,2.11,2.6,71.05,75.2,73.07,86.87,59.55,73.21,0.322,94.8,19753.29,543676,0.9,-0.1,0.84,27.32,-4.15,-0.87692,-0.19012,0.00845,0.41689,0.32362,6.71232,8.82442,G2,0.72818,117.48494,-8.70322
5205,Dompu,NUSA TENGGARA BARAT,52,BALI & NUSRA,9.87,8.79,9.38,13.8,14.56,14.01,78.24,71.71,73.58,2.76,2.94,2.84,70.13,74.14,72.09,87.62,69.73,78.68,0.54,91.65,9705.25,254667,1.08,-0.76,-0.18,17.89,-4.01,-1.12933,-0.71044,-1.25988,1.05117,-0.05108,7.00615,8.17167,G2,1.71334,118.21681,-8.47214
5206,Bima,NUSA TENGGARA BARAT,52,BALI & NUSRA,9.29,8.44,8.61,13.7,13.3,13.67,75.63,70.02,71.97,1.5,2.95,2.13,70.26,74.27,72.22,85.48,66.21,75.85,0.463,92.58,15612.85,551404,0.85,0.4,-1.45,19.27,-4.01,-1.66351,-0.1614,-0.1848,0.88539,-1.05139,5.76457,8.58804,G2,1.70587,118.61862,-8.47476
5207,Sumbawa Barat,NUSA TENGGARA BARAT,52,BALI & NUSRA,9.77,8.97,9.35,14.21,13.6,13.84,80.07,75.18,76.46,4.68,3.4,4.13,71.37,75.61,73.44,84.06,62.32,73.19,0.399,93.89,37349.02,158130,0.8,0.61,1.28,21.74,-4.24,-0.69753,-0.80136,0.98025,1.07808,-0.14699,6.11027,8.43842,G2,1.55876,116.91506,-8.82971
5208,Lombok Utara,NUSA TENGGARA BARAT,52,BALI & NUSRA,7.56,5.9,6.75,13.55,12.88,13.16,74.64,64.44,69.63,2.95,2.33,2.68,69.93,73.92,71.88,86.8,66.78,76.79,0.503,86.33,6371.54,265176,1.66,0.67,0.62,20.02,-3.99,-2.91662,-0.32223,1.27223,0.69497,-0.43027,4.80594,7.78676,G1,2.0665,116.2835,-8.34904
5271,Kota Mataram,NUSA TENGGARA BARAT,52,BALI & NUSRA,10.92,9.6,9.89,15.75,15.66,15.69,85.77,80.81,82.37,5.86,3.46,4.8,72.44,77.93,75.12,79.91,62.06,70.99,0.384,94.22,26069.8,448775,1.32,0.09,2.4,17.85,-5.49,0.78028,-2.39127,1.50615,0.78001,-0.24589,12.08653,6.11968,G6,2.51853,116.11109,-8.59027
5272,Kota Bima,NUSA TENGGARA BARAT,52,BALI & NUSRA,11.29,10.67,10.97,15.06,15.84,15.21,81.13,78.66,79.41,4.51,3.98,4.28,71.3,75.72,73.45,81.65,61.94,71.8,0.412,96.96,5641.13,165844,0.62,-0.78,0.53,19.71,-4.42,0.96216,-1.0631,-0.92021,1.46905,0.17946,11.32172,5.99369,G6,1.94253,118.78491,-8.4558
5312,Sumba Barat,NUSA TENGGARA TIMUR,53,BALI & NUSRA,7.55,7.09,7.39,13.19,13.78,13.41,70.86,67.7,68.46,2.68,3.98,3.27,69.69,73.67,71.63,81.77,71.91,76.84,0.196,95.54,3250.46,157595,0.46,-0.59,-1.3,9.86,-3.98,-1.68349,-0.15204,-1.56131,0.67392,-0.16673,6.8353,8.07104,G2,1.7498,119.37971,-9.64218
5311,Sumba Timur,NUSA TENGGARA TIMUR,53,BALI & NUSRA,7.94,7.82,7.94,12.86,13.17,12.88,73.22,70.7,70.99,4.71,1.74,3.36,69.96,73.96,71.91,80.64,70.11,75.38,0.478,96.56,8518.15,262975,0.12,-0.31,2.97,10.53,-4.0,-1.57652,-0.98163,-0.88527,0.70296,1.50314,6.83354,7.88829,G2,2.26893,120.25497,-9.8773
5301,Kupang,NUSA TENGGARA TIMUR,53,BALI & NUSRA,8.13,7.7,7.87,13.86,13.95,13.91,73.12,65.17,69.03,3.33,3.83,3.53,67.98,71.93,69.91,83.45,58.15,70.8,0.471,89.13,10927.01,383387,0.43,-0.09,-0.5,25.3,-3.95,-1.00814,0.9224,-0.42758,1.15615,0.28574,6.14345,9.19505,G2,1.54324,123.85996,-9.91821
5302,Timor Tengah Selatan,NUSA TENGGARA TIMUR,53,BALI & NUSRA,7.44,7.11,7.43,12.47,14.82,12.63,69.71,66.87,66.88,2.89,4.3,3.57,69.53,73.5,71.47,85.19,77.3,81.25,0.508,95.93,10961.27,487999,0.33,-2.35,-1.41,7.89,-3.97,-1.35281,-0.07315,-3.85292,-0.07222,0.97148,7.4094,7.95808,G2,3.5542,124.39676,-9.82795
5303,Timor Tengah Utara,NUSA TENGGARA TIMUR,53,BALI & NUSRA,8.48,8.31,8.36,13.01,14.05,13.39,69.84,67.21,67.87,3.21,1.81,2.54,69.45,73.42,71.39,78.89,71.3,75.1,0.385,96.23,5527.98,279637,0.17,-1.04,1.4,7.59,-3.97,-1.30061,-0.81485,-2.15812,0.86017,1.22967,6.96012,7.95056,G2,2.63024,124.56966,-9.37733
5304,Belu,NUSA TENGGARA TIMUR,53,BALI & NUSRA,7.76,7.6,7.73,12.25,12.69,12.33,70.19,68.89,68.89,5.29,5.08,5.2,72.24,77.43,74.77,86.69,66.82,76.76,0.338,98.15,6434.01,240392,0.16,-0.44,0.21,19.87,-5.19,-0.18835,-0.67536,-0.29251,-1.24098,0.26621,8.22572,7.20593,,1.40121,124.96844,-9.15385
5305,Alor,NUSA TENGGARA TIMUR,53,BALI & NUSRA,9.16,8.39,8.72,12.61,12.54,12.59,72.2,67.32,68.44,2.64,1.51,2.08,69.39,73.36,71.33,80.98,76.72,78.85,0.545,93.24,4290.08,228504,0.77,0.07,1.13,4.26,-3.97,-2.65626,-1.2673,-0.70333,1.02637,0.10084,6.32734,8.00238,G2,2.09624,124.56877,-8.30369
5313,Lembata,NUSA TENGGARA TIMUR,53,BALI & NUSRA,9.33,7.94,8.49,12.54,12.81,12.54,74.17,68.36,69.7,1.37,1.36,1.37,71.61,76.11,73.81,80.71,73.82,77.27,0.674,92.17,2462.84,145271,1.39,-0.27,0.01,6.89,-4.5,-2.24462,-1.48336,-0.4273,-0.00814,-0.51794,5.93754,6.9303,,1.81839,123.54234,-8.38028
5306,Flores Timur,NUSA TENGGARA TIMUR,53,BALI & NUSRA,8.68,7.87,8.19,13.29,13.01,13.17,74.62,69.35,70.61,6.05,6.73,6.36,71.98,76.87,74.37,79.53,61.0,70.27,0.788,92.94,6977.95,296760,0.81,0.28,-0.68,18.53,-4.89,-0.12744,-0.27585,1.28372,0.13584,-0.61256,10.65743,8.28351,,1.32322,122.94442,-8.36509
5307,Sikka,NUSA TENGGARA TIMUR,53,BALI & NUSRA,7.53,7.14,7.2,13.56,14.05,13.68,75.04,68.13,70.65,2.34,2.96,2.62,72.07,77.34,74.64,80.6,64.2,72.4,0.225,90.79,7299.29,345319,0.39,-0.49,-0.62,16.4,-5.27,-0.32313,-0.83767,-0.6436,-1.00206,-0.26672,9.15601,6.71288,,1.36705,122.30372,-8.60866
5308,Ende,NUSA TENGGARA TIMUR,53,BALI & NUSRA,8.87,8.35,8.52,14.1,13.83,13.84,74.48,71.88,72.73,3.27,2.62,2.95,71.04,75.18,73.06,76.7,67.46,72.08,0.214,96.51,8587.42,284165,0.52,0.27,0.65,9.24,-4.14,-1.24679,-1.00989,-0.11971,1.11202,-0.15619,6.09975,8.3691,G2,1.53265,121.73413,-8.67724
5309,Ngada,NUSA TENGGARA TIMUR,53,BALI & NUSRA,8.85,8.77,8.84,12.45,13.08,12.76,74.53,72.53,72.53,2.48,2.73,2.6,72.32,77.58,74.89,82.01,72.91,77.46,0.644,97.32,4775.89,176462,0.08,-0.63,-0.25,9.1,-5.26,-0.43614,-1.61626,-1.42921,-1.01089,-0.21132,8.77758,6.35984,,2.08854,121.00118,-8.66753
5310,Manggarai,NUSA TENGGARA TIMUR,53,BALI & NUSRA,8.78,7.66,8.17,13.51,14.32,13.74,74.6,66.86,70.1,1.59,1.54,1.56,70.79,74.82,72.76,84.37,72.86,78.62,0.414,89.62,6379.84,340153,1.12,-0.81,0.05,11.51,-4.03,-1.85298,-1.06721,-1.49551,0.59014,0.00662,6.77583,7.8337,G2,1.92022,120.40152,-8.56936
5314,Rote Ndao,NUSA TENGGARA TIMUR,53,BALI & NUSRA,8.33,7.71,7.84,13.36,13.08,13.24,72.19,62.25,67.01,1.7,2.8,2.18,68.25,72.19,70.17,79.64,61.6,70.62,0.791,86.23,4335.48,155371,0.62,0.28,-1.1,18.04,-3.94,-1.88619,0.64668,-0.24446,1.04599,-0.31679,5.92895,8.9205,G2,1.57384,123.12436,-10.72604
5315,Manggarai Barat,NUSA TENGGARA TIMUR,53,BALI & NUSRA,8.57,7.93,8.26,12.76,12.55,12.62,74.12,66.06,69.2,3.27,3.37,3.32,71.16,75.42,73.24,81.88,62.34,72.11,0.473,89.13,5002.2,281692,0.64,0.21,-0.1,19.54,-4.26,-1.20404,-0.08102,0.22124,0.2124,-0.10892,6.16416,8.40896,G2,0.70166,119.98892,-8.60254
5317,Sumba Tengah,NUSA TENGGARA TIMUR,53,BALI & NUSRA,7.63,7.42,7.5,13.11,13.44,13.15,68.87,63.09,65.29,1.84,3.34,2.49,67.84,71.79,69.77,84.98,69.33,77.16,0.372,91.61,1664.63,94187,0.21,-0.33,-1.5,15.65,-3.95,-1.95418,0.48195,-1.62164,0.67074,-0.10884,6.78663,8.35839,G2,1.89407,119.66562,-9.54771
5318,Sumba Barat Daya,NUSA TENGGARA TIMUR,53,BALI & NUSRA,6.57,6.44,6.47,13.09,13.51,13.12,65.64,64.52,64.82,1.39,2.05,1.7,67.53,71.49,69.46,86.66,77.88,82.27,0.534,98.29,5287.21,335500,0.13,-0.42,-0.66,8.78,-3.96,-2.87477,-0.21713,-2.15242,0.43139,0.11289,6.7019,8.1692,G2,2.42785,119.18004,-9.53424
5316,Nagekeo,NUSA TENGGARA TIMUR,53,BALI & NUSRA,8.54,8.39,8.47,13.07,12.7,12.74,71.2,70.11,70.48,0.81,1.92,1.31,70.92,74.96,72.89,81.02,62.39,71.71,0.22,98.47,3052.17,170669,0.15,0.37,-1.11,18.63,-4.04,-1.38877,0.13476,-0.64159,0.24701,-0.47238,5.91283,8.67922,G2,1.08276,121.27301,-8.68871
5319,Manggarai Timur,NUSA TENGGARA TIMUR,53,BALI & NUSRA,8.29,7.85,8.11,12.67,12.86,12.67,70.51,64.82,66.63,0.85,1.69,1.24,71.13,75.36,73.19,87.85,78.83,83.34,0.6,91.93,4591.58,301525,0.44,-0.19,-0.84,9.02,-4.23,-2.30092,-1.19957,-1.63936,-0.16334,-0.64712,6.58988,7.89831,G2,2.21962,120.6906,-8.57164
5320,Sabu Raijua,NUSA TENGGARA TIMUR,53,BALI & NUSRA,7.1,7.26,7.1,13.2,13.41,13.2,66.0,61.52,62.74,2.67,3.65,3.12,64.96,68.9,66.88,79.73,70.37,75.05,0.484,93.21,1921.99,96259,-0.16,-0.21,-0.98,9.36,-3.94,-2.31756,0.78838,-1.68496,1.34526,0.35607,6.6656,8.43325,G2,2.42648,121.84435,-10.53574
5321,Malaka,NUSA TENGGARA TIMUR,53,BALI & NUSRA,7.49,7.3,7.38,12.46,13.1,12.84,69.48,63.71,65.84,2.07,2.06,2.07,69.78,73.76,71.72,87.83,82.07,84.95,0.396,91.7,4049.81,196008,0.19,-0.64,0.01,5.76,-3.98,-2.51553,-1.09637,-2.34361,0.19346,0.18398,6.73455,7.97386,G2,2.58074,124.88933,-9.52176
5371,Kota Kupang,NUSA TENGGARA TIMUR,53,BALI & NUSRA,12.06,11.57,11.66,16.45,17.11,16.55,85.83,83.64,83.65,7.65,10.0,8.61,72.66,78.24,75.38,80.87,55.76,68.32,0.212,97.45,33531.79,482734,0.49,-0.66,-2.35,25.11,-5.58,3.55367,-0.8228,0.23295,1.1396,-1.33383,13.29022,6.52163,G6,2.71347,123.60718,-10.2043
6101,Sambas,KALIMANTAN BARAT,61,KALIMANTAN,7.41,6.42,7.0,12.77,13.39,12.77,76.22,68.42,72.08,6.67,2.41,4.91,72.19,77.55,74.8,84.35,61.45,72.9,0.275,89.77,30966.25,661452,0.99,-0.62,4.26,22.9,-5.36,-0.40668,-1.38812,0.96737,-1.14875,1.81583,10.90631,7.55781,,2.71129,109.34632,1.4295
6107,Bengkayang,KALIMANTAN BARAT,61,KALIMANTAN,7.96,7.17,7.62,12.17,12.55,12.24,74.96,63.48,70.99,3.77,1.75,2.95,72.86,77.48,74.74,89.05,66.12,77.59,0.377,84.69,13324.48,307823,0.79,-0.38,2.02,22.93,-4.62,-1.26189,-0.948,-0.1007,-0.95205,0.84559,8.32022,7.17818,,1.67323,109.56312,1.0106
6108,Landak,KALIMANTAN BARAT,61,KALIMANTAN,8.54,7.46,7.76,12.55,12.98,12.55,74.17,66.64,69.92,2.69,2.68,2.69,71.91,77.01,74.4,86.21,57.34,71.78,0.497,89.85,16278.61,424472,1.08,-0.43,0.01,28.87,-5.1,-0.57878,-0.12314,0.32119,-1.23756,0.12403,9.28346,7.50897,G5,1.29835,109.77118,0.51656
6102,Mempawah,KALIMANTAN BARAT,61,KALIMANTAN,7.74,7.17,7.4,12.89,13.47,13.0,74.89,67.3,70.59,4.87,4.53,4.74,72.2,77.57,74.82,87.71,54.07,70.89,0.493,89.87,13837.04,320630,0.57,-0.58,0.34,33.64,-5.37,0.53975,0.10145,0.38902,-1.47744,0.54821,10.2759,8.72988,G4,1.63978,109.15589,0.35829
6103,Sanggau,KALIMANTAN BARAT,61,KALIMANTAN,8.3,7.4,7.81,11.89,12.19,12.02,74.91,62.84,70.36,3.72,4.15,3.89,71.89,76.95,74.36,85.57,62.67,74.12,0.535,83.89,29429.42,516710,0.9,-0.3,-0.43,22.9,-5.06,-0.80397,-0.24475,0.29799,-1.14556,-0.12051,9.19428,7.41785,,1.25511,110.43201,0.26894
6104,Ketapang,KALIMANTAN BARAT,61,KALIMANTAN,8.44,7.66,7.99,12.25,12.01,12.09,75.3,67.79,71.3,6.55,7.14,6.75,71.61,76.36,73.92,86.29,47.68,66.99,0.635,90.03,44678.1,607049,0.78,0.24,-0.59,38.61,-4.75,0.33067,1.37016,1.82488,-0.56917,0.14204,12.12743,9.27318,G3,2.02234,110.61387,-1.63312
6105,Sintang,KALIMANTAN BARAT,61,KALIMANTAN,8.09,7.52,7.86,12.18,12.67,12.33,74.7,66.5,70.92,2.15,3.83,2.78,72.12,77.43,74.71,89.18,57.8,73.49,0.588,89.02,22556.66,449211,0.57,-0.49,-1.68,31.38,-5.31,-0.12173,0.25652,-0.31199,-1.81863,-0.39288,9.79567,8.47372,,1.87773,112.07001,0.09343
6106,Kapuas Hulu,KALIMANTAN BARAT,61,KALIMANTAN,8.43,7.77,8.04,12.76,12.24,12.24,74.02,64.57,69.24,2.0,2.22,2.09,71.45,76.04,73.69,87.32,60.38,73.85,0.54,87.23,15561.58,269049,0.66,0.52,-0.22,26.94,-4.59,-1.37809,-0.0168,0.56245,-0.65319,-0.38156,6.23805,8.22498,G2,1.15868,112.79988,0.83216
6109,Sekadau,KALIMANTAN BARAT,61,KALIMANTAN,8.11,6.91,7.53,11.92,12.47,12.02,73.54,62.36,68.73,2.28,2.94,2.54,71.85,76.87,74.3,90.9,63.76,77.33,0.856,84.8,10281.26,225219,1.2,-0.55,-0.66,27.14,-5.02,-1.23793,-0.2239,-0.10852,-1.52669,-0.18356,9.22413,7.36316,G5,1.6632,110.95132,-0.00388
6110,Melawi,KALIMANTAN BARAT,61,KALIMANTAN,8.49,7.51,8.05,11.28,11.73,11.55,74.84,61.69,69.8,2.41,3.74,2.94,71.63,76.41,73.96,87.52,60.81,74.17,0.558,82.43,7817.04,246920,0.98,-0.45,-1.33,26.71,-4.78,-1.05295,0.3456,-0.14082,-1.22532,-0.21988,9.07923,7.54975,,1.38385,111.72789,-0.63134
6111,Kayong Utara,KALIMANTAN BARAT,61,KALIMANTAN,7.06,6.02,6.55,12.35,12.2,12.21,72.05,62.78,67.6,4.1,3.15,3.77,71.02,75.12,73.02,86.23,48.28,67.26,0.634,87.13,6382.19,137290,1.04,0.15,0.95,37.95,-4.1,-1.13571,1.34038,1.325,-0.39266,0.92654,8.39274,8.9782,,2.01347,109.92467,-1.09205
6112,Kubu Raya,KALIMANTAN BARAT,61,KALIMANTAN,7.8,7.18,7.35,13.88,14.33,13.91,76.81,66.71,72.01,6.99,6.64,6.86,71.43,76.0,73.66,86.02,51.51,68.77,0.52,86.85,44902.98,660374,0.62,-0.45,0.35,34.51,-4.57,0.71103,0.75742,0.71253,0.04684,0.73353,10.75666,8.60672,,1.24835,109.5376,-0.38656
6171,Kota Pontianak,KALIMANTAN BARAT,61,KALIMANTAN,10.74,10.18,10.48,15.33,15.06,15.07,86.08,82.17,82.8,7.93,7.89,7.91,73.13,78.92,75.96,76.25,47.5,61.88,0.371,95.46,55426.78,686019,0.56,0.27,0.04,28.75,-5.79,2.85238,-0.63548,2.16137,0.36498,-0.56462,12.76538,6.93379,G6,2.53987,109.33141,-0.02521
6172,Kota Singkawang,KALIMANTAN BARAT,61,KALIMANTAN,8.68,8.43,8.58,12.92,13.35,12.96,78.88,74.2,75.67,8.18,6.13,7.42,72.53,78.06,75.23,81.17,49.96,65.57,0.355,94.07,15177.83,253812,0.25,-0.43,2.05,31.21,-5.53,1.72757,-0.1471,1.2448,-0.89411,1.28306,11.80276,7.91308,,2.18252,109.03492,0.8985
6201,Kotawaringin Barat,KALIMANTAN TENGAH,62,KALIMANTAN,9.0,8.72,8.87,12.91,12.95,12.92,79.79,74.38,76.02,3.58,5.84,4.39,71.35,75.82,73.53,86.56,51.44,69.0,0.438,93.22,34636.56,285737,0.28,-0.04,-2.26,35.12,-4.47,0.42404,1.26168,0.02457,-0.23069,-0.45823,9.43547,10.2298,G4,1.19412,111.74675,-2.54598
6202,Kotawaringin Timur,KALIMANTAN TENGAH,62,KALIMANTAN,8.6,7.84,8.25,12.95,12.9,12.9,79.42,71.11,74.96,4.23,5.33,4.56,72.05,77.29,74.61,86.65,39.84,63.25,0.582,89.54,42104.86,452867,0.76,0.05,-1.1,46.81,-5.24,1.15134,1.46335,1.55993,-1.22345,-0.05166,10.64977,9.76921,G4,2.24798,112.713,-2.06488
6203,Kapuas,KALIMANTAN TENGAH,62,KALIMANTAN,8.36,7.89,8.04,12.96,13.29,13.02,75.84,72.68,73.47,3.9,2.84,3.51,71.02,75.12,73.02,83.09,51.82,67.46,0.553,95.83,27038.83,435066,0.47,-0.33,1.06,31.27,-4.1,-0.26818,0.69503,-0.0182,0.14262,1.11185,7.35013,9.3236,G2,1.37032,114.29791,-1.74719
6204,Barito Selatan,KALIMANTAN TENGAH,62,KALIMANTAN,9.78,9.1,9.35,13.0,13.15,13.01,79.12,73.41,75.21,4.35,4.22,4.3,71.01,75.1,73.0,82.03,48.32,65.18,0.476,92.78,9378.75,137055,0.68,-0.15,0.13,33.71,-4.09,0.2482,1.00625,0.47846,0.5917,0.59861,7.02926,9.78763,,1.28238,114.90603,-1.81163
6205,Barito Utara,KALIMANTAN TENGAH,62,KALIMANTAN,9.15,8.63,8.93,13.21,12.46,12.56,78.21,69.25,73.58,3.06,6.87,4.54,71.49,76.12,73.75,86.41,59.61,73.01,0.509,88.54,14586.66,164621,0.52,0.75,-3.81,26.8,-4.63,-0.46965,0.7876,0.72607,-0.15618,-1.92986,8.92158,8.41244,,2.33477,115.1339,-0.93104
6208,Sukamara,KALIMANTAN TENGAH,62,KALIMANTAN,8.62,7.97,8.23,12.47,12.18,12.18,75.16,69.86,71.45,2.24,8.48,4.47,72.14,77.48,74.75,85.85,52.84,69.35,0.447,92.95,7066.1,68978,0.65,0.29,-6.24,33.01,-5.34,0.29121,1.61356,0.6517,-1.49505,-2.52898,10.77124,10.19355,G4,3.47724,111.16084,-2.6232
6209,Lamandau,KALIMANTAN TENGAH,62,KALIMANTAN,9.04,8.54,8.83,12.33,12.7,12.65,77.66,72.18,74.46,2.34,4.52,3.07,71.66,76.47,74.01,88.94,52.75,70.85,0.537,92.94,8852.38,105206,0.5,-0.37,-2.18,36.19,-4.81,0.26839,0.92845,-0.3204,-0.97455,-0.43188,9.76314,9.77152,G4,1.35121,111.40663,-1.80048
6207,Seruyan,KALIMANTAN TENGAH,62,KALIMANTAN,8.45,7.76,8.08,12.13,12.43,12.24,75.63,68.04,71.24,3.46,3.39,3.44,71.39,75.9,73.59,87.12,48.75,67.94,0.609,89.96,13684.53,177322,0.69,-0.3,0.07,38.37,-4.51,-0.13409,1.10089,0.3938,-0.77703,0.70572,9.31044,9.24878,G4,1.45934,112.17556,-2.28071
6206,Katingan,KALIMANTAN TENGAH,62,KALIMANTAN,9.04,8.9,8.96,12.8,13.31,13.09,78.54,68.83,74.68,4.94,3.91,4.59,71.91,76.99,74.39,86.93,47.87,67.4,0.612,87.64,12745.77,174341,0.14,-0.51,1.03,39.06,-5.08,1.32691,0.44668,0.19821,-0.91498,1.06847,10.52732,9.36521,G4,1.68914,113.05969,-1.69852
6211,Pulang Pisau,KALIMANTAN TENGAH,62,KALIMANTAN,8.74,8.29,8.47,12.59,12.98,12.61,76.58,70.79,72.99,1.95,2.69,2.23,71.41,75.94,73.62,88.79,57.96,73.38,0.527,92.44,8257.92,140776,0.45,-0.39,-0.74,30.83,-4.53,-0.49022,0.36698,-0.68385,-0.74202,0.09862,8.91195,8.63481,,1.02399,113.95458,-2.71593
6210,Gunung Mas,KALIMANTAN TENGAH,62,KALIMANTAN,9.45,9.4,9.4,12.0,12.88,12.19,77.74,72.36,74.46,2.56,4.95,3.31,71.63,76.42,73.97,87.81,44.89,66.35,0.575,93.08,10726.92,148233,0.05,-0.88,-2.39,42.92,-4.79,1.27037,1.77739,-0.94493,-1.28455,0.2651,9.82622,9.78349,G4,2.21532,113.53311,-1.02557
6213,Barito Timur,KALIMANTAN TENGAH,62,KALIMANTAN,9.99,9.66,9.71,13.19,12.53,12.89,80.0,72.09,75.5,3.98,2.09,3.15,70.52,74.54,72.48,84.96,69.2,77.08,0.448,90.11,11304.92,120201,0.33,0.66,1.89,15.76,-4.02,-1.48416,-1.08269,0.16008,1.04582,0.19946,6.02111,8.41621,G2,1.58598,115.14657,-1.98079
6212,Murung Raya,KALIMANTAN TENGAH,62,KALIMANTAN,8.52,8.03,8.12,12.17,12.21,12.2,77.25,66.07,72.34,1.88,3.66,2.52,71.48,76.1,73.73,82.86,50.14,66.5,0.578,85.53,12378.36,120222,0.49,-0.04,-1.78,32.72,-4.62,-0.27856,1.18747,0.13362,-0.85034,-0.23056,9.29947,9.11246,G4,1.32228,114.27956,-0.03023
6271,Kota Palangka Raya,KALIMANTAN TENGAH,62,KALIMANTAN,11.86,11.65,11.69,15.14,15.12,15.14,85.97,82.8,82.98,5.32,5.09,5.23,72.28,77.69,74.92,80.56,51.11,65.84,0.462,96.31,28273.64,314367,0.21,0.02,0.23,29.45,-5.41,2.4927,-0.84914,0.64245,0.59148,-0.35042,12.70064,6.46263,G6,1.72198,113.76907,-2.01846
6301,Tanah Laut,KALIMANTAN SELATAN,63,KALIMANTAN,8.39,7.62,8.09,12.81,12.69,12.7,78.46,70.03,74.32,3.35,3.23,3.3,72.25,77.64,74.88,88.59,54.61,71.6,0.411,89.26,22772.9,368914,0.77,0.12,0.12,33.98,-5.39,-0.03823,-0.13459,1.01494,-1.43352,-0.14772,10.08401,7.73697,G5,1.67307,114.90347,-3.81951
6302,Kotabaru,KALIMANTAN SELATAN,63,KALIMANTAN,8.24,7.51,7.71,12.23,12.28,12.23,77.58,66.77,73.03,5.87,6.05,5.93,71.68,76.5,74.03,85.17,44.26,64.72,0.554,86.07,40064.39,348250,0.73,-0.05,-0.18,40.91,-4.82,0.54725,1.47787,1.52625,-0.83984,0.57346,11.95901,9.17871,G3,2.08725,116.06543,-2.9869
6303,Banjar,KALIMANTAN SELATAN,63,KALIMANTAN,8.57,7.74,8.15,13.03,13.29,13.05,79.21,73.6,75.11,2.83,2.65,2.76,71.57,76.28,73.87,83.7,55.62,69.66,0.481,92.92,25600.21,609637,0.83,-0.26,0.18,28.08,-4.71,-0.41046,0.04906,0.2037,-0.46784,0.23988,9.24401,8.31552,,0.60112,115.08462,-3.32034
6304,Barito Kuala,KALIMANTAN SELATAN,63,KALIMANTAN,8.36,7.62,7.99,12.68,12.84,12.69,76.25,69.05,72.05,3.32,3.07,3.23,70.88,74.92,72.85,86.49,57.18,71.84,0.467,90.56,12199.11,335649,0.74,-0.16,0.25,29.31,-4.04,-0.99245,0.55849,0.00413,0.0862,0.49335,6.96356,9.15844,G2,0.88421,114.62474,-3.09157
6305,Tapin,KALIMANTAN SELATAN,63,KALIMANTAN,8.87,8.0,8.38,12.46,12.6,12.6,79.17,68.43,74.98,4.11,3.06,3.69,72.42,77.89,75.09,84.59,56.47,70.53,0.554,86.43,15330.95,201201,0.87,-0.14,1.05,28.12,-5.47,0.04283,-0.62217,0.96891,-1.2821,0.27055,10.18278,7.61216,,1.62552,115.04786,-2.9247
6306,Hulu Sungai Selatan,KALIMANTAN SELATAN,63,KALIMANTAN,8.45,8.12,8.18,12.75,13.2,12.78,78.67,71.23,74.81,2.33,2.01,2.2,71.18,75.46,73.27,82.3,59.65,70.98,0.458,90.54,10620.48,241528,0.33,-0.45,0.32,22.65,-4.28,-0.75024,0.05435,-0.8571,-0.19122,0.62249,7.56624,8.7325,G2,1.09901,115.20687,-2.72827
6307,Hulu Sungai Tengah,KALIMANTAN SELATAN,63,KALIMANTAN,8.75,8.21,8.45,12.62,12.55,12.58,75.89,73.44,74.26,3.59,2.49,3.12,71.02,75.12,73.02,84.05,62.56,73.31,0.239,96.77,10194.43,271232,0.54,0.07,1.1,21.49,-4.1,-1.22629,-0.22334,-0.01737,0.28623,0.51737,6.32303,8.46715,G2,0.92154,115.50213,-2.60349
6308,Hulu Sungai Utara,KALIMANTAN SELATAN,63,KALIMANTAN,8.42,7.74,8.0,13.22,13.88,13.47,76.66,71.19,72.67,4.44,2.88,3.79,70.98,75.03,72.95,83.22,58.68,70.95,0.46,92.86,7160.07,239636,0.68,-0.66,1.56,24.54,-4.05,-0.54224,-0.01346,-0.43743,0.47024,1.19924,7.31257,9.18625,G2,1.48255,115.15376,-2.43784
6309,Tabalong,KALIMANTAN SELATAN,63,KALIMANTAN,9.82,9.04,9.37,13.15,13.48,13.18,81.53,71.67,76.94,4.25,2.3,3.48,72.31,77.73,74.95,85.16,56.63,70.9,0.422,87.91,34197.79,270295,0.78,-0.33,1.95,28.53,-5.42,0.48746,-1.0283,0.61087,-0.86736,0.62121,10.51453,7.48593,,1.50129,115.49909,-1.8577
6310,Tanah Bumbu,KALIMANTAN SELATAN,63,KALIMANTAN,8.91,8.03,8.44,12.75,12.9,12.8,79.92,69.57,75.09,5.55,6.93,6.05,72.1,77.4,74.68,86.96,51.96,69.46,0.574,87.05,38332.07,347264,0.88,-0.15,-1.38,35.0,-5.3,0.75363,0.60283,1.20513,-0.95373,-0.42891,11.95168,9.09615,G3,1.60661,115.65369,-3.44499
6311,Balangan,KALIMANTAN SELATAN,63,KALIMANTAN,9.01,7.85,8.34,13.35,13.55,13.35,78.88,74.06,74.78,3.34,1.98,2.74,71.75,76.66,74.14,83.98,66.1,75.04,0.552,93.89,22942.05,140093,1.16,-0.2,1.36,17.88,-4.91,-1.04038,-1.35603,0.3108,-0.24686,0.09042,6.25018,6.99069,,1.29141,115.64241,-2.31916
6371,Kota Banjarmasin,KALIMANTAN SELATAN,63,KALIMANTAN,11.15,10.08,10.36,13.98,14.27,14.02,83.97,80.18,80.88,6.92,5.81,6.49,72.66,78.24,75.38,81.71,51.64,66.68,0.249,95.49,49471.89,670836,1.07,-0.29,1.11,30.07,-5.58,1.78932,-0.78972,1.5779,-0.08308,0.14794,12.25857,7.27176,G6,1.7778,114.59191,-3.32935
6372,Kota Banjar Baru,KALIMANTAN SELATAN,63,KALIMANTAN,11.45,10.87,11.07,15.75,14.87,14.87,86.82,81.64,82.2,5.58,3.52,4.75,72.71,78.31,75.44,83.92,56.17,70.05,0.39,94.03,15505.28,278795,0.58,0.88,2.06,27.75,-5.6,1.39758,-1.8211,1.98652,0.35912,-0.49745,12.21074,6.32344,G6,2.46971,114.81839,-3.47644
6401,Paser,KALIMANTAN TIMUR,64,KALIMANTAN,9.3,8.77,9.04,13.22,13.63,13.39,80.36,60.09,75.85,4.42,5.07,4.62,71.91,77.0,74.39,85.11,41.43,63.27,0.451,74.78,56999.99,289748,0.53,-0.41,-0.65,43.68,-5.09,1.62244,1.17465,0.70292,-0.762,0.37119,10.66591,9.71691,G4,1.6548,116.09484,-1.73331
6407,Kutai Barat,KALIMANTAN TIMUR,64,KALIMANTAN,9.54,8.63,9.01,13.4,13.4,13.4,79.86,69.45,75.38,5.28,5.1,5.21,71.81,76.78,74.23,85.16,56.76,70.96,0.403,86.96,41406.45,180305,0.91,0.0,0.18,28.4,-4.97,0.28915,-0.25231,1.02795,-0.09771,-0.13243,10.53284,8.1094,,0.93653,115.83437,-0.50596
6402,Kutai Kartanegara,KALIMANTAN TIMUR,64,KALIMANTAN,9.63,8.85,9.28,13.71,14.18,13.85,81.75,67.37,77.25,4.59,4.0,4.4,72.08,77.35,74.65,84.69,44.38,64.54,0.349,82.41,210653.44,845621,0.78,-0.47,0.59,40.31,-5.27,1.56168,0.3416,0.86761,-0.61762,0.56341,10.75971,9.40901,G4,1.43391,116.50958,0.09065
6408,Kutai Timur,KALIMANTAN TIMUR,64,KALIMANTAN,9.93,9.02,9.48,13.06,13.34,13.22,81.16,64.47,76.48,5.23,8.26,6.2,72.24,77.63,74.87,83.53,46.27,64.9,0.477,79.44,152913.83,470396,0.91,-0.28,-3.03,37.26,-5.39,1.66482,1.09047,1.11745,-0.68936,-0.99111,11.5274,9.5521,,2.03417,117.13814,0.95795
6403,Berau,KALIMANTAN TIMUR,64,KALIMANTAN,10.06,9.32,9.58,13.29,14.27,13.44,82.13,73.23,77.72,4.0,5.1,4.4,71.62,76.39,73.95,85.51,56.66,71.09,0.396,89.16,51306.61,265300,0.74,-0.98,-1.1,28.85,-4.77,0.74418,0.17336,-0.67837,-0.18064,0.06996,9.11357,9.47416,G4,0.74044,117.31464,1.91737
6409,Penajam Paser Utara,KALIMANTAN TIMUR,64,KALIMANTAN,9.0,8.43,8.72,13.0,12.9,13.0,79.7,70.39,75.82,4.09,4.54,4.26,72.05,77.28,74.6,85.57,57.34,71.46,0.321,88.32,25525.6,400031,0.57,0.1,-0.45,28.23,-5.23,0.22723,-0.22727,0.71876,-0.78643,-0.38766,10.44361,7.88648,G5,1.10274,116.59778,-1.15739
6411,Mahakam Ulu,KALIMANTAN TIMUR,64,KALIMANTAN,9.2,8.58,8.71,13.27,12.84,12.85,77.13,65.06,71.53,1.19,5.19,2.84,71.6,76.34,73.91,87.64,66.25,76.95,0.19,84.35,4122.25,34743,0.62,0.43,-4.0,21.39,-4.74,-0.98765,0.09934,-0.15619,-0.43031,-2.15329,8.92935,8.24095,,2.47968,114.86459,0.72344
6471,Kota Balikpapan,KALIMANTAN TIMUR,64,KALIMANTAN,11.49,10.82,11.04,14.26,14.63,14.26,87.84,80.56,83.23,6.38,4.93,5.84,74.13,79.25,76.24,81.81,50.66,66.24,0.153,91.71,169316.6,725442,0.67,-0.37,1.45,31.15,-5.12,2.16191,-0.85046,0.89017,0.21947,0.43303,12.53607,7.06789,G6,1.61723,116.86607,-1.16009
6472,Kota Samarinda,KALIMANTAN TIMUR,64,KALIMANTAN,11.56,10.71,11.04,15.22,15.77,15.41,87.64,79.88,83.53,5.81,4.42,5.31,73.78,78.84,75.89,79.99,46.7,63.35,0.384,91.15,106624.81,865306,0.85,-0.55,1.39,33.29,-5.06,2.53694,-0.75749,0.79057,0.68693,0.44506,12.48598,7.00327,G6,1.8151,117.17868,-0.5007
6474,Kota Bontang,KALIMANTAN TIMUR,64,KALIMANTAN,11.25,11.0,11.03,13.81,13.74,13.8,86.76,77.64,83.04,5.94,7.02,6.36,73.46,78.21,75.36,82.95,54.37,68.66,0.287,89.49,70789.05,190706,0.25,0.07,-1.08,28.58,-4.75,1.7218,-0.10304,0.53095,0.52448,-0.59605,12.75946,7.15762,G6,1.31245,117.4572,0.09102
6502,Malinau,KALIMANTAN UTARA,65,KALIMANTAN,9.91,9.05,9.64,13.47,13.88,13.58,79.75,67.61,75.21,3.23,3.72,3.42,72.02,75.55,73.33,87.63,63.74,75.69,0.448,84.78,18842.47,87492,0.86,-0.41,-0.49,23.89,-3.53,-0.7533,-0.04831,-0.85721,1.16927,-0.05355,7.08673,8.49802,G2,1.42541,115.71473,2.47785
6501,Bulungan,KALIMANTAN UTARA,65,KALIMANTAN,9.81,9.22,9.42,13.33,13.26,13.26,79.6,69.78,74.53,3.97,4.43,4.14,72.38,76.44,73.99,86.78,57.08,71.93,0.383,87.66,27606.37,162405,0.59,0.07,-0.46,29.7,-4.06,-0.10317,0.27307,0.15011,0.51012,-0.14602,6.63363,9.11327,G2,0.59056,117.02457,2.80143
6504,Tana Tidung,KALIMANTAN UTARA,65,KALIMANTAN,9.96,8.9,9.41,12.85,12.75,12.85,76.54,62.67,71.86,3.84,3.41,3.68,71.42,75.98,73.64,85.82,59.71,72.77,0.292,81.88,9759.98,28824,1.06,0.1,0.43,26.11,-4.56,-0.60882,-0.33868,0.71312,0.15444,-0.09727,6.39492,8.65996,G2,0.76689,117.16995,3.5497
6503,Nunukan,KALIMANTAN UTARA,65,KALIMANTAN,8.64,8.34,8.4,12.91,12.76,12.81,74.17,64.17,69.87,2.17,3.43,2.61,71.14,75.38,73.21,87.93,54.32,71.13,0.22,86.52,42735.54,213976,0.3,0.15,-1.26,33.61,-4.24,-0.48445,0.91758,-0.15735,-0.25774,-0.21493,8.86805,9.18983,,0.87631,116.6627,3.99415
6571,Kota Tarakan,KALIMANTAN UTARA,65,KALIMANTAN,10.68,10.39,10.46,13.58,14.78,14.23,82.3,77.63,78.62,4.63,5.9,5.06,73.67,77.01,74.4,80.06,42.97,61.52,0.265,94.33,59829.36,256670,0.29,-1.2,-1.27,37.09,-3.34,1.94576,1.62885,-1.24631,1.38575,0.87514,8.89369,10.34831,G4,2.6001,117.60069,3.35494
7101,Bolaang Mongondow,SULAWESI UTARA,71,SULAWESI,8.41,8.51,8.49,11.66,12.52,11.82,75.38,67.28,71.83,4.7,5.46,4.97,70.52,74.53,72.48,87.6,54.19,70.9,0.463,89.25,12539.06,259359,-0.1,-0.86,-0.76,33.41,-4.01,0.11416,1.57312,-1.17441,-0.32757,1.11236,8.62623,10.09014,G4,2.0743,124.03853,0.70934
7102,Minahasa,SULAWESI UTARA,71,SULAWESI,10.07,10.46,10.25,14.19,14.56,14.2,81.46,79.73,79.73,6.89,9.17,7.74,72.84,78.49,75.6,80.13,48.9,64.52,0.155,97.88,26178.62,355115,-0.39,-0.37,-2.28,31.23,-5.65,3.20049,0.38883,0.22339,-0.43883,-0.58001,13.41867,6.91097,G6,1.87533,124.85417,1.25468
7103,Kepulauan Sangihe,SULAWESI UTARA,71,SULAWESI,8.45,9.0,8.7,12.45,13.4,12.8,76.87,74.38,75.18,2.68,2.57,2.64,72.36,77.81,75.02,81.25,54.52,67.89,0.408,96.76,6798.69,143653,-0.55,-0.95,0.11,26.73,-5.45,1.25313,-0.16215,-1.42968,-1.69395,0.88742,9.71413,8.96986,G4,2.38949,125.54131,3.5507
7104,Kepulauan Talaud,SULAWESI UTARA,71,SULAWESI,10.09,9.97,9.97,12.72,13.26,12.84,74.55,73.44,73.68,3.49,3.23,3.4,71.6,76.35,73.92,80.98,50.82,65.9,0.494,98.51,3398.5,99280,0.12,-0.54,0.26,30.16,-4.75,0.94128,0.31958,-0.44616,-0.29982,0.73792,9.3039,9.78941,G4,1.10019,126.78183,4.22603
7105,Minahasa Selatan,SULAWESI UTARA,71,SULAWESI,9.51,9.76,9.53,12.75,13.42,13.03,79.63,72.22,76.47,4.02,6.11,4.77,72.14,77.48,74.74,84.39,49.98,67.19,0.416,90.69,13730.75,242488,-0.25,-0.67,-2.09,34.41,-5.34,1.89082,0.77624,-0.65526,-1.16322,-0.10435,10.64528,9.31517,G4,1.73805,124.52104,1.08462
7106,Minahasa Utara,SULAWESI UTARA,71,SULAWESI,10.39,10.34,10.36,12.9,13.58,13.27,79.65,77.48,77.76,4.82,10.27,6.8,72.36,77.81,75.02,84.92,49.55,67.24,0.197,97.28,22365.81,235625,0.05,-0.68,-5.45,35.37,-5.45,2.58766,1.42061,-0.4282,-0.86153,-1.58436,13.34602,7.36522,,2.66506,125.00801,1.5497
7108,Bolaang Mongondow Utara,SULAWESI UTARA,71,SULAWESI,8.34,8.88,8.63,12.36,13.04,12.58,76.65,67.81,72.28,3.6,4.82,4.07,71.61,76.37,73.93,87.14,56.62,71.88,0.333,88.47,3861.01,88270,-0.54,-0.68,-1.22,30.52,-4.76,0.77594,0.69243,-1.4011,-1.02328,0.43825,9.66423,9.34117,G4,1.78589,123.47343,0.76663
7109,Kep. Siau Tagulandang Biaro,SULAWESI UTARA,71,SULAWESI,9.42,9.78,9.51,11.72,12.46,12.05,75.91,68.73,72.17,2.25,2.63,2.41,72.43,77.91,75.1,81.11,62.19,71.65,0.136,90.54,3705.94,74448,-0.36,-0.74,-0.38,18.92,-5.48,0.58034,-0.7281,-1.43211,-1.63616,0.28088,9.51433,8.6706,,2.15938,125.39702,2.53983
7107,Minahasa Tenggara,SULAWESI UTARA,71,SULAWESI,8.93,9.31,9.16,12.45,13.0,12.61,77.4,72.25,74.28,3.15,3.81,3.38,71.47,76.07,73.71,88.19,50.74,69.47,0.409,93.35,7994.48,121523,-0.38,-0.55,-0.66,37.45,-4.6,0.90572,1.01023,-1.04686,-0.84893,0.69359,9.45178,9.65494,G4,1.73414,124.72178,1.01032
7111,Bolaang Mongondow Selatan,SULAWESI UTARA,71,SULAWESI,8.3,8.43,8.38,12.25,12.48,12.35,75.13,61.82,70.54,1.42,5.85,2.91,69.21,73.17,71.14,88.5,48.74,68.62,0.466,82.28,3222.31,73702,-0.13,-0.23,-4.43,39.76,-3.96,-0.15597,2.79923,-1.19761,-0.22883,-0.58868,8.29043,10.70565,G4,2.60726,123.93271,0.44415
7110,Bolaang Mongondow Timur,SULAWESI UTARA,71,SULAWESI,8.29,8.42,8.3,11.91,12.6,12.11,74.81,69.17,71.43,3.14,11.21,5.28,71.48,76.09,73.73,84.94,33.57,59.26,0.493,92.46,4643.86,93227,-0.13,-0.69,-8.07,51.37,-4.61,2.06166,4.37146,-0.70867,-1.37896,-1.44503,8.61172,11.031,,4.33006,124.51034,0.71879
7171,Kota Manado,SULAWESI UTARA,71,SULAWESI,11.67,11.52,11.52,14.14,14.86,14.21,84.05,82.37,82.4,7.38,10.29,8.51,72.83,78.48,75.58,79.4,49.99,64.7,0.292,98.0,57496.65,462084,0.15,-0.72,-2.91,29.41,-5.65,3.46932,0.26702,0.23732,0.00704,-0.87903,13.42693,6.93054,G6,2.07404,124.84855,1.52471
7172,Kota Bitung,SULAWESI UTARA,71,SULAWESI,10.09,10.02,10.05,12.42,13.25,12.88,79.85,76.37,77.57,7.35,7.33,7.35,72.15,77.5,74.76,84.3,46.64,65.47,0.211,95.64,27403.71,237434,0.07,-0.83,0.02,37.66,-5.35,2.48047,0.68157,0.32062,-0.7587,0.88888,11.76961,7.97521,,1.8933,125.16143,1.48479
7173,Kota Tomohon,SULAWESI UTARA,71,SULAWESI,10.92,11.22,11.04,13.76,14.89,14.39,80.56,81.17,80.65,7.25,8.69,7.8,73.16,78.97,75.99,79.58,49.15,64.37,0.17,100.76,6386.85,104822,-0.3,-1.13,-1.44,30.43,-5.81,3.83655,-0.04291,-0.45135,-0.50843,0.0632,13.39943,6.85978,G6,2.09804,124.8149,1.32431
7174,Kota Kotamobagu,SULAWESI UTARA,71,SULAWESI,10.37,10.3,10.36,12.95,13.92,13.25,80.02,77.32,77.49,5.12,7.3,5.97,72.65,78.22,75.37,86.45,57.59,72.02,0.233,96.63,5646.99,130408,0.07,-0.97,-2.18,28.86,-5.57,2.06967,-0.08631,-0.79102,-1.02366,-0.45084,10.82252,8.90122,,1.70228,124.31367,0.732
7207,Banggai Kepulauan,SULAWESI TENGAH,72,SULAWESI,9.25,8.76,8.88,13.13,12.96,13.12,72.75,67.74,68.44,0.9,2.76,1.67,65.89,69.87,67.83,84.88,61.61,73.25,0.535,93.11,5887.34,125719,0.49,0.17,-1.86,23.27,-3.98,-1.90872,1.16479,-0.81666,1.22594,-0.42341,5.99235,8.92519,G2,2.0181,123.14378,-1.37223
7201,Banggai,SULAWESI TENGAH,72,SULAWESI,9.15,8.81,8.94,13.12,13.63,13.43,77.35,70.98,73.44,3.37,2.62,3.07,70.56,74.58,72.52,89.45,59.54,74.5,0.336,91.76,44528.03,381405,0.34,-0.51,0.75,29.91,-4.02,-0.39213,0.16334,-0.95089,0.37303,0.80884,7.40772,9.07714,G2,1.29017,122.58364,-1.02083
7206,Morowali,SULAWESI TENGAH,72,SULAWESI,9.76,9.27,9.39,13.65,13.4,13.4,79.71,68.63,74.7,1.23,7.67,2.81,69.41,73.38,71.34,88.29,36.95,62.62,0.302,86.1,188862.05,176083,0.49,0.25,-6.44,51.34,-3.97,0.65883,3.66258,-0.01661,0.3472,-1.77976,8.15281,10.87562,G4,3.62118,121.91336,-2.6936
7202,Poso,SULAWESI TENGAH,72,SULAWESI,9.91,9.77,9.84,13.52,14.34,13.76,76.03,74.07,74.55,1.61,2.01,1.76,71.23,75.56,73.34,85.03,55.5,70.27,0.383,97.42,13817.09,256435,0.14,-0.82,-0.4,29.53,-4.33,0.47363,0.17032,-1.60926,0.09209,0.46769,8.75803,9.85269,G4,1.50679,120.52109,-1.68082
7203,Donggala,SULAWESI TENGAH,72,SULAWESI,8.53,7.87,8.01,12.45,13.13,12.75,73.2,65.56,69.23,1.95,4.25,2.78,69.1,73.06,71.03,86.24,52.51,69.38,0.503,89.56,18222.02,313620,0.66,-0.68,-2.3,33.73,-3.96,-0.72462,1.87162,-0.95536,0.1234,0.1421,8.22142,10.28999,G4,1.79057,119.83572,-0.39587
7204,Tolitoli,SULAWESI TENGAH,72,SULAWESI,9.06,8.8,9.0,13.16,13.56,13.18,74.9,68.11,71.09,2.71,3.76,3.09,69.68,73.66,71.62,85.67,51.65,68.66,0.219,90.93,11900.53,236021,0.26,-0.4,-1.05,34.02,-3.98,-0.07558,1.35997,-0.78386,0.45735,0.42003,8.1364,10.16919,G4,1.45456,120.71893,0.92604
7205,Buol,SULAWESI TENGAH,72,SULAWESI,9.25,9.21,9.21,13.17,14.51,13.19,75.53,68.62,71.47,3.09,3.13,3.11,69.68,73.66,71.62,87.34,56.55,71.95,0.301,90.85,8652.51,154156,0.04,-1.34,-0.04,30.79,-3.98,0.19011,0.86664,-2.15092,0.26073,1.33794,8.47205,9.88842,G4,2.48827,121.37278,0.97798
7208,Parigi Moutong,SULAWESI TENGAH,72,SULAWESI,8.31,8.04,8.07,12.09,13.04,12.53,72.67,67.6,69.99,2.15,2.02,2.1,67.15,71.12,69.09,87.17,65.44,76.31,0.45,93.02,25512.38,464772,0.27,-0.95,0.13,21.73,-3.97,-1.70813,0.66944,-2.01536,0.37494,1.13006,6.98988,8.75425,G2,2.40727,120.45126,0.01653
7209,Tojo Una-Una,SULAWESI TENGAH,72,SULAWESI,8.58,8.75,8.58,12.6,13.1,12.62,73.99,68.32,69.76,2.77,2.67,2.73,69.37,73.33,71.3,86.97,62.19,74.58,0.525,92.34,8035.37,172601,-0.17,-0.5,0.1,24.78,-3.96,-0.86182,0.5475,-1.59395,0.21643,0.87386,7.27532,8.79037,G2,1.80588,121.57624,-1.11236
7210,Sigi,SULAWESI TENGAH,72,SULAWESI,9.05,9.1,9.05,13.04,13.49,13.3,74.66,70.72,71.68,1.9,2.88,2.3,69.69,73.67,71.63,87.92,63.64,75.78,0.374,94.72,13589.21,273243,-0.05,-0.45,-0.98,24.28,-3.98,-0.70348,0.35933,-1.77525,0.43873,0.14836,7.25064,8.60845,G2,1.66257,119.97044,-1.40849
7211,Banggai Laut,SULAWESI TENGAH,72,SULAWESI,9.18,8.36,8.66,13.08,13.19,13.17,74.54,69.4,70.46,3.21,4.4,3.69,69.51,73.49,71.45,81.64,55.34,68.49,0.524,93.1,3530.44,74937,0.82,-0.11,-1.19,26.3,-3.98,-0.76302,1.01598,0.01659,0.89939,-0.06637,6.30303,9.5325,G2,1.28166,123.53459,-1.78885
7212,Morowali Utara,SULAWESI TENGAH,72,SULAWESI,9.39,9.09,9.14,12.33,13.0,12.6,74.11,72.05,72.16,2.03,3.01,2.38,70.64,74.67,72.61,86.28,52.88,69.58,0.372,97.22,37856.79,129638,0.3,-0.67,-0.98,33.4,-4.03,-0.14082,1.15021,-1.16625,-0.07276,0.54923,8.33272,10.15333,G4,1.50752,121.38497,-1.81456
7271,Kota Palu,SULAWESI TENGAH,72,SULAWESI,12.12,11.4,11.76,16.1,16.98,16.53,85.07,84.38,84.53,6.05,5.0,5.59,71.82,76.8,74.25,79.56,61.63,70.6,0.272,99.19,35129.83,397472,0.72,-0.88,1.05,17.93,-4.98,2.1199,-1.88312,-0.50048,1.75982,0.01099,11.47539,5.98636,G6,2.60676,119.90997,-0.8298
7301,Kepulauan Selayar,SULAWESI SELATAN,73,SULAWESI,8.85,8.63,8.64,12.64,13.89,12.96,77.24,72.21,72.78,2.76,2.08,2.48,71.52,76.18,73.79,81.95,53.73,67.84,0.408,93.49,8958.66,144232,0.22,-1.25,0.68,28.22,-4.66,0.47185,0.22263,-1.39987,-0.70585,1.33906,9.50267,9.48722,G4,2.05494,120.71525,-6.56188
7302,Bulukumba,SULAWESI SELATAN,73,SULAWESI,8.76,8.61,8.66,13.23,13.64,13.46,77.59,75.18,75.26,2.75,1.32,2.12,71.94,77.05,74.43,87.28,63.86,75.57,0.269,96.89,21625.16,458997,0.15,-0.41,1.43,23.42,-5.11,-0.105,-1.20204,-0.77343,-0.88427,0.52447,8.79183,6.66218,,1.58482,120.23601,-5.43247
7303,Bantaeng,SULAWESI SELATAN,73,SULAWESI,7.66,7.43,7.43,12.87,12.93,12.92,73.94,70.77,73.12,3.85,3.59,3.74,71.08,75.25,73.11,87.65,65.27,76.46,0.425,95.71,14247.82,207651,0.23,-0.06,0.26,22.38,-4.17,-1.14368,-0.06091,-0.48252,-0.05917,0.30981,6.94602,7.51175,G2,0.80649,119.98691,-5.48819
7304,Jeneponto,SULAWESI SELATAN,73,SULAWESI,6.99,7.02,7.02,12.4,12.17,12.28,74.3,69.12,70.25,2.48,1.01,1.88,71.84,76.84,74.28,86.64,57.49,72.07,0.209,93.03,14441.63,423370,-0.03,0.23,1.47,29.15,-5.0,-0.77387,-0.20142,0.16642,-1.54468,0.71695,9.58881,7.84757,G5,1.77774,119.69845,-5.56752
7305,Takalar,SULAWESI SELATAN,73,SULAWESI,7.99,7.77,7.84,12.61,12.97,12.62,77.04,68.61,72.79,3.4,4.3,3.76,71.71,76.57,74.08,86.89,53.63,70.26,0.307,89.06,14390.57,321144,0.22,-0.36,-0.9,33.26,-4.86,0.2046,0.72653,-0.19494,-1.10541,0.21273,9.61773,9.29993,G4,1.27959,119.47058,-5.41983
7306,Gowa,SULAWESI SELATAN,73,SULAWESI,8.67,8.45,8.54,13.51,14.13,13.72,78.36,70.26,74.22,3.56,5.38,4.25,71.94,77.05,74.43,85.81,51.22,68.52,0.26,89.66,34196.68,826957,0.22,-0.62,-1.82,34.59,-5.11,1.23199,0.66932,-0.41375,-0.85581,-0.19153,10.50635,9.53577,G4,1.26336,119.71868,-5.30927
7307,Sinjai,SULAWESI SELATAN,73,SULAWESI,8.14,7.97,7.97,13.38,13.88,13.46,73.78,72.66,72.76,2.62,1.46,2.1,71.24,75.59,73.36,88.05,71.15,79.6,0.379,98.48,17618.2,273313,0.17,-0.5,1.16,16.9,-4.35,-1.18421,-1.11404,-1.48828,-0.1496,0.5501,7.03764,7.80821,G2,1.80065,120.13587,-5.20975
7309,Maros,SULAWESI SELATAN,73,SULAWESI,8.78,7.99,8.2,13.44,13.65,13.52,79.48,71.72,74.79,3.95,4.4,4.13,71.72,76.6,74.1,81.77,51.65,66.71,0.251,90.24,29910.42,419148,0.79,-0.21,-0.45,30.12,-4.88,0.34082,0.35608,0.63288,-0.31197,0.00878,10.11491,8.56809,,0.71227,119.72475,-5.0007
7310,Pangkajene dan Kepulauan,SULAWESI SELATAN,73,SULAWESI,8.75,8.4,8.48,12.7,13.28,12.94,78.88,72.84,74.62,3.6,4.34,3.9,71.32,75.75,73.48,83.69,54.52,69.11,0.246,92.34,37972.39,362692,0.35,-0.58,-0.74,29.17,-4.43,0.16615,0.69891,-0.54847,-0.2335,0.40333,9.03351,9.66218,G4,0.89986,119.47869,-4.93984
7311,Barru,SULAWESI SELATAN,73,SULAWESI,8.97,8.85,8.93,13.74,13.97,13.76,78.02,75.05,75.41,4.49,6.03,5.07,71.12,75.34,73.18,82.14,46.79,64.47,0.186,96.19,10740.51,190465,0.12,-0.23,-1.54,35.35,-4.22,1.0594,1.46383,-0.0529,0.4843,0.12425,9.17124,10.48632,,1.41099,119.69415,-4.44168
7308,Bone,SULAWESI SELATAN,73,SULAWESI,7.82,7.7,7.7,12.57,13.63,13.03,74.9,70.71,71.63,3.4,1.68,2.75,71.55,76.24,73.84,83.0,46.99,65.0,0.427,94.41,54209.29,837104,0.12,-1.06,1.72,36.01,-4.69,0.67481,0.66999,-0.74971,-0.98864,1.92771,9.95959,9.32456,G4,2.51841,120.1298,-4.69512
7312,Soppeng,SULAWESI SELATAN,73,SULAWESI,8.55,8.73,8.59,13.38,13.52,13.4,74.97,73.48,73.69,3.83,4.29,4.01,71.79,76.74,74.21,77.76,44.92,61.34,0.281,98.01,17397.8,240424,-0.18,-0.14,-0.46,32.84,-4.95,1.34051,0.88159,0.18512,-0.51091,0.44895,9.44649,9.90425,G4,1.23893,119.89211,-4.33905
7313,Wajo,SULAWESI SELATAN,73,SULAWESI,7.84,7.35,7.72,13.28,13.72,13.34,79.18,72.06,74.72,4.13,2.51,3.47,71.51,76.15,73.77,82.58,53.05,67.82,0.399,91.01,28755.53,391456,0.49,-0.44,1.62,29.53,-4.64,0.01769,0.07687,0.11332,-0.37378,1.15082,9.5938,8.4932,,1.33103,120.171,-4.00654
7314,Sidenreng Rappang,SULAWESI SELATAN,73,SULAWESI,8.53,8.3,8.36,12.75,13.64,13.11,79.18,74.23,75.49,4.01,2.02,3.36,72.1,77.4,74.69,79.91,37.03,58.47,0.373,93.75,21727.93,333524,0.23,-0.89,1.99,42.88,-5.3,1.82457,0.86033,0.34213,-1.36343,1.95317,10.40898,9.48425,G4,2.82259,119.97143,-3.80729
7315,Pinrang,SULAWESI SELATAN,73,SULAWESI,8.69,8.35,8.54,12.61,14.07,13.29,77.71,75.35,75.87,3.16,4.52,3.65,72.24,77.63,74.87,81.48,44.86,63.17,0.273,96.96,28756.99,429891,0.34,-1.46,-1.36,36.62,-5.39,1.84762,0.93673,-0.89267,-1.49821,0.66652,10.28088,9.60451,G4,2.19794,119.59992,-3.62246
7316,Enrekang,SULAWESI SELATAN,73,SULAWESI,9.46,9.0,9.26,13.9,14.43,13.9,77.06,76.13,76.5,1.98,1.53,1.78,71.85,76.87,74.3,86.2,68.24,77.22,0.333,98.79,11341.4,241667,0.46,-0.53,0.45,17.96,-5.02,-0.30447,-1.53724,-1.11301,-0.40518,-0.1138,8.77674,6.47247,,1.64356,119.87203,-3.50372
7317,Luwu,SULAWESI SELATAN,73,SULAWESI,9.01,8.9,8.96,13.09,13.82,13.44,77.84,72.92,74.66,3.39,4.23,3.71,71.56,76.25,73.85,83.59,51.72,67.66,0.482,93.68,24699.39,389256,0.11,-0.73,-0.84,31.87,-4.69,0.94135,0.63638,-0.8092,-0.39011,0.42211,9.31445,9.83893,G4,1.16716,120.18255,-3.19855
7318,Tana Toraja,SULAWESI SELATAN,73,SULAWESI,9.07,8.83,8.92,14.25,14.57,14.25,77.02,69.18,72.77,2.46,4.64,3.44,73.16,77.99,75.17,81.9,71.59,76.75,0.495,89.82,10923.13,295345,0.24,-0.32,-2.18,10.31,-4.83,-0.06831,-1.26627,-1.21954,0.0126,-1.31188,8.55576,6.53709,,2.06982,119.71238,-3.10851
7322,Luwu Utara,SULAWESI SELATAN,73,SULAWESI,8.7,8.34,8.51,12.61,12.8,12.63,78.14,71.25,74.81,2.23,2.26,2.24,71.82,76.8,74.25,86.34,60.12,73.23,0.411,91.18,22042.0,341516,0.36,-0.19,-0.03,26.22,-4.98,-0.38587,-0.33927,-0.32586,-1.0279,0.04618,9.09025,8.0156,,1.10738,120.1609,-2.39526
7324,Luwu Timur,SULAWESI SELATAN,73,SULAWESI,9.17,9.04,9.04,13.3,13.44,13.38,81.15,74.14,77.28,4.2,2.91,3.7,72.24,77.62,74.86,84.76,55.05,69.91,0.25,91.36,31649.16,316894,0.13,-0.14,1.29,29.71,-5.38,0.8595,-0.63364,0.29392,-0.9254,0.51448,10.43857,7.70343,G5,1.30026,121.13851,-2.55068
7326,Toraja Utara,SULAWESI SELATAN,73,SULAWESI,8.94,8.6,8.72,13.3,13.87,13.53,76.75,68.45,73.24,2.8,1.04,2.01,72.55,78.08,75.24,81.59,69.03,75.31,0.441,89.19,14288.46,282236,0.34,-0.57,1.76,12.56,-5.53,-0.17471,-2.17345,-0.77462,-1.02433,0.35952,8.91843,6.44612,,2.19068,119.86893,-2.88818
7371,Kota Makassar,SULAWESI SELATAN,73,SULAWESI,11.8,11.55,11.59,15.58,16.13,15.63,87.52,83.99,85.66,10.04,8.84,9.6,72.84,78.5,75.6,77.5,44.26,60.88,0.275,95.97,261375.69,1473907,0.25,-0.55,1.2,33.24,-5.66,4.18951,-0.50984,1.39012,0.83977,0.57382,13.20119,6.7151,G6,2.7302,119.46115,-5.13342
7372,Kota Parepare,SULAWESI SELATAN,73,SULAWESI,11.2,10.79,10.89,14.24,14.9,14.62,82.95,81.49,81.5,5.29,4.56,4.98,72.27,77.67,74.9,78.93,55.67,67.3,0.272,98.24,10624.01,163404,0.41,-0.66,0.73,23.26,-5.4,1.96477,-1.10766,-0.05477,0.23114,0.22895,11.76061,6.66241,G6,1.41023,119.6616,-4.02935
7373,Kota Palopo,SULAWESI SELATAN,73,SULAWESI,11.31,11.13,11.17,14.27,15.86,15.14,82.9,81.59,81.74,7.75,7.22,7.53,71.96,77.11,74.47,78.79,54.67,66.73,0.229,98.42,11787.5,198534,0.18,-1.59,0.53,24.12,-5.15,3.06148,-0.63632,-0.96311,0.75916,0.94236,11.39556,6.56071,G6,2.26902,120.14789,-2.98047
7404,Buton,SULAWESI TENGGARA,74,SULAWESI,9.64,8.12,8.69,14.38,13.96,13.97,77.19,63.81,70.22,3.6,2.81,3.3,68.74,72.68,70.66,76.62,48.19,62.41,0.503,82.67,5575.58,123845,1.52,0.42,0.79,28.43,-3.94,-0.98534,0.84049,1.62453,1.76572,0.28965,5.75407,9.69663,G2,2.41302,122.92306,-5.31846
7403,Muna,SULAWESI TENGGARA,74,SULAWESI,9.59,8.33,8.86,14.18,14.31,14.18,77.18,68.51,72.23,3.92,4.41,4.14,69.83,73.82,71.77,76.92,62.1,69.51,0.56,88.77,10090.13,231267,1.26,-0.13,-0.49,14.82,-3.99,-0.98091,-0.12688,0.22602,1.72587,-0.31841,6.00446,9.14514,G2,1.82503,122.63941,-4.93858
7402,Konawe,SULAWESI TENGGARA,74,SULAWESI,10.0,9.66,9.8,12.76,13.56,13.11,78.72,74.32,75.09,1.76,4.37,2.81,71.03,75.15,73.04,88.95,63.8,76.38,0.502,94.41,24076.6,278549,0.34,-0.8,-2.61,25.15,-4.12,-0.22377,0.39555,-1.89668,0.15554,-0.53697,7.8889,8.16856,,1.77592,121.88616,-3.5254
7401,Kolaka,SULAWESI TENGGARA,74,SULAWESI,9.76,9.35,9.55,13.07,13.85,13.17,80.52,73.3,76.92,1.37,3.58,2.25,71.56,76.27,73.86,89.12,62.44,75.78,0.344,91.03,40885.81,251538,0.41,-0.78,-2.21,26.68,-4.71,0.02959,-0.00458,-1.55661,-0.5852,-0.57873,8.28616,8.17002,,1.59195,121.52846,-4.07481
7405,Konawe Selatan,SULAWESI TENGGARA,74,SULAWESI,9.2,8.58,8.97,12.73,13.39,12.95,76.36,67.98,72.32,2.59,4.3,3.23,70.0,74.0,71.95,85.96,54.61,70.29,0.498,89.03,19224.78,334616,0.62,-0.66,-1.71,31.35,-4.0,-0.31594,1.24846,-0.92008,0.34283,0.1373,8.11473,10.11154,G4,1.35484,122.42081,-4.26267
7406,Bombana,SULAWESI TENGGARA,74,SULAWESI,8.5,8.2,8.27,11.91,12.58,11.98,73.92,64.0,69.54,3.05,1.69,2.52,69.37,73.34,71.31,86.25,56.51,71.38,0.524,86.58,9754.81,163160,0.3,-0.67,1.36,29.74,-3.97,-1.03445,0.83001,-0.96816,-0.07921,1.6252,7.33348,9.08364,G2,2.16484,121.85075,-4.79779
7407,Wakatobi,SULAWESI TENGGARA,74,SULAWESI,9.09,8.36,8.54,13.71,13.5,13.55,77.21,69.27,72.59,3.26,4.52,3.82,69.17,73.13,71.1,82.0,65.52,73.76,0.442,89.72,6494.66,120039,0.73,0.21,-1.26,16.48,-3.96,-1.43605,0.18688,-0.1375,1.31057,-0.62008,5.86385,8.8068,G2,1.6548,123.79521,-5.57534
7408,Kolaka Utara,SULAWESI TENGGARA,74,SULAWESI,8.82,9.22,9.06,12.25,12.55,12.25,72.95,72.22,72.37,1.19,2.2,1.62,68.84,72.79,70.77,89.13,67.93,78.53,0.218,99.0,13243.64,151357,-0.4,-0.3,-1.01,21.2,-3.95,-1.39216,0.4055,-2.18902,0.12292,0.22107,7.21889,8.58991,G2,2.06205,121.15627,-3.24772
7410,Buton Utara,SULAWESI TENGGARA,74,SULAWESI,9.81,8.94,9.28,13.54,13.31,13.33,75.23,69.79,71.29,1.01,3.18,1.98,69.53,73.5,71.47,88.93,74.87,81.9,0.442,92.77,4569.87,70615,0.87,0.23,-2.17,14.06,-3.97,-2.17671,-0.5167,-0.91739,0.98959,-1.44725,5.91534,8.45166,G2,2.36741,123.01595,-4.7015
7409,Konawe Utara,SULAWESI TENGGARA,74,SULAWESI,10.22,9.42,9.79,12.92,13.39,13.15,77.72,68.07,73.42,3.95,4.05,3.99,68.81,72.75,70.73,85.83,59.06,72.45,0.509,87.58,6164.67,75395,0.8,-0.47,-0.1,26.77,-3.94,-0.6222,0.59269,-0.50672,1.16131,0.46954,6.73284,9.46809,G2,1.45331,121.99698,-3.38521
7411,Kolaka Timur,SULAWESI TENGGARA,74,SULAWESI,8.69,8.3,8.65,12.73,12.71,12.73,71.39,70.93,71.19,1.73,2.94,2.2,71.31,75.74,73.47,90.05,59.76,74.91,0.461,99.36,6541.92,129312,0.39,0.02,-1.21,30.29,-4.43,-0.71554,0.32785,-0.473,-0.49515,-0.39692,8.7237,8.63418,,0.89877,121.61712,-3.80459
7412,Konawe Kepulauan,SULAWESI TENGGARA,74,SULAWESI,10.07,9.19,9.61,12.32,13.07,12.57,74.39,64.69,69.39,2.14,0.63,1.52,68.47,72.4,70.38,89.34,64.55,76.95,0.523,86.96,2177.84,40353,0.88,-0.75,1.51,24.79,-3.93,-1.62057,-0.09704,-1.26103,0.62882,1.13969,7.03562,8.95389,G2,1.96715,123.09505,-4.11442
7413,Muna Barat,SULAWESI TENGGARA,74,SULAWESI,8.91,7.77,8.31,12.72,12.9,12.75,73.32,66.06,69.18,1.78,4.05,2.76,69.39,73.36,71.32,86.56,64.13,75.35,0.507,90.1,3766.14,92632,1.14,-0.18,-2.27,22.43,-3.97,-1.79998,0.69312,-0.46306,0.55014,-0.75451,5.76731,8.76163,G2,1.53345,122.49199,-4.81696
7414,Buton Tengah,SULAWESI TENGGARA,74,SULAWESI,7.75,6.47,7.37,13.4,14.02,13.44,73.57,62.07,68.39,4.93,0.92,3.16,68.73,72.67,70.65,74.0,58.57,66.29,0.5,84.37,3415.06,123113,1.28,-0.62,4.01,15.43,-3.94,-1.66977,-0.35158,0.2958,1.31523,2.173,5.88409,9.46994,G2,2.89314,122.39925,-5.31687
7415,Buton Selatan,SULAWESI TENGGARA,74,SULAWESI,8.28,7.52,7.8,13.4,13.37,13.37,75.31,56.65,68.54,3.87,1.6,2.92,68.45,72.38,70.36,80.59,59.81,70.2,0.553,75.22,4110.74,102794,0.76,0.03,2.27,20.78,-3.93,-1.65922,0.06196,0.20929,1.15754,1.17548,5.90697,9.4098,G2,1.94359,122.67088,-5.60916
7471,Kota Kendari,SULAWESI TENGGARA,74,SULAWESI,12.94,12.14,12.56,16.97,16.94,16.94,88.42,84.82,86.36,4.87,7.5,5.94,72.94,78.64,75.72,78.3,54.64,66.47,0.294,95.93,32128.56,377268,0.8,0.03,-2.63,23.66,-5.7,3.13094,-1.34855,0.77291,1.34008,-2.231,12.95379,6.28524,G6,3.48774,122.53259,-4.00039
7472,Kota Baubau,SULAWESI TENGGARA,74,SULAWESI,11.34,11.05,11.11,15.37,15.71,15.54,84.05,77.72,80.29,3.08,5.16,3.95,72.29,77.7,74.93,76.91,54.54,65.73,0.37,92.47,12969.72,170885,0.29,-0.34,-2.08,22.37,-5.41,2.18535,-0.75262,-0.34698,0.50906,-1.20408,12.62254,6.19064,G6,1.94746,122.67527,-5.4299
7502,Boalemo,GORONTALO,75,SULAWESI,6.78,7.68,7.32,12.08,13.09,12.6,72.51,60.73,69.89,2.5,3.98,3.09,69.75,73.74,71.7,88.48,60.12,74.3,0.199,83.75,7505.21,155183,-0.9,-1.01,-1.48,28.36,-3.99,-0.25655,1.39281,-2.74983,-0.57173,0.97383,8.12283,9.50436,,2.89602,122.32583,0.65573
7501,Gorontalo,GORONTALO,75,SULAWESI,7.45,8.53,7.96,12.82,13.95,13.23,74.43,63.02,71.54,2.76,4.08,3.26,69.32,73.29,71.26,83.7,51.47,67.59,0.419,84.67,18504.77,413627,-1.08,-1.13,-1.32,32.23,-3.97,0.70799,1.88175,-2.69775,-0.10162,1.34804,8.22068,9.63546,G4,3.1821,122.71009,0.69381
7504,Pohuwato,GORONTALO,75,SULAWESI,7.52,8.11,7.79,12.27,13.12,12.49,72.5,67.16,70.59,2.3,3.71,2.83,68.07,72.01,70.0,88.09,54.72,71.41,0.353,92.63,9500.96,155665,-0.59,-0.85,-1.41,33.37,-3.94,-0.39876,1.99444,-2.20639,-0.17313,1.07326,8.15951,9.61032,G4,2.78372,121.71111,0.68801
7503,Bone Bolango,GORONTALO,75,SULAWESI,8.03,9.23,8.62,13.28,14.89,13.7,75.51,67.95,73.3,4.81,2.62,4.02,68.8,72.74,70.73,85.78,48.2,66.99,0.431,89.99,6488.8,172726,-1.2,-1.61,2.19,37.58,-3.94,1.43883,1.43024,-2.74774,0.24354,3.12868,8.34323,9.62362,G4,4.42282,123.29087,0.53316
7505,Gorontalo Utara,GORONTALO,75,SULAWESI,7.21,7.92,7.56,12.42,13.35,12.71,72.74,60.71,69.62,3.11,2.95,3.05,68.33,72.26,70.25,90.26,58.44,74.35,0.178,83.46,4783.8,134852,-0.71,-0.93,0.16,31.82,-3.93,-0.48927,1.36488,-2.33167,-0.17707,1.63517,8.04699,9.46,,2.93905,122.66144,0.88592
7571,Kota Gorontalo,GORONTALO,75,SULAWESI,10.39,11.06,10.59,14.52,15.11,14.63,83.14,73.79,79.97,4.72,3.51,4.25,71.67,76.5,74.03,80.39,50.95,65.67,0.314,88.75,12126.18,210185,-0.67,-0.59,1.21,29.44,-4.83,2.23824,-0.26828,-1.01979,0.36564,1.06781,11.20432,6.36293,G6,1.92426,123.0569,0.53976
7605,Majene,SULAWESI BARAT,76,SULAWESI,9.71,9.53,9.68,13.67,14.39,13.84,76.31,73.09,74.15,3.33,4.36,3.74,68.82,72.76,70.74,82.87,53.64,68.26,0.346,95.78,7050.45,186367,0.18,-0.72,-1.03,29.23,-3.94,0.30571,1.1538,-1.2798,1.15144,0.54142,8.06081,10.07206,G4,1.94352,118.91946,-3.16776
7604,Polewali Mandar,SULAWESI BARAT,76,SULAWESI,8.13,7.56,7.84,13.25,14.08,13.51,74.1,68.93,70.71,3.07,3.09,3.08,69.53,73.5,71.46,86.71,59.76,73.24,0.514,93.02,19306.48,507212,0.57,-0.83,-0.02,26.95,-3.97,-0.8267,0.60135,-1.19535,0.43071,0.80334,7.25215,9.10738,G2,1.56681,119.14448,-3.31195
7603,Mamasa,SULAWESI BARAT,76,SULAWESI,8.55,8.41,8.41,12.33,13.17,12.61,70.63,69.54,69.56,2.96,2.85,2.91,70.47,74.49,72.43,87.4,75.9,81.65,0.442,98.46,4089.68,175508,0.14,-0.84,0.11,11.5,-4.02,-1.55057,-0.75757,-2.18979,0.1489,0.49007,7.0039,8.00109,G2,2.21289,119.31189,-2.9488
7602,Mamuju,SULAWESI BARAT,76,SULAWESI,8.92,8.48,8.71,12.82,13.79,13.3,75.47,68.83,72.77,2.16,5.01,3.38,70.65,74.68,72.61,86.52,67.45,76.99,0.509,91.2,17537.18,301879,0.44,-0.97,-2.85,19.07,-4.03,-0.66708,0.36735,-2.05493,0.32281,-0.53949,7.80873,8.17808,G2,1.94676,119.32497,-2.53068
7601,Pasangkayu,SULAWESI BARAT,76,SULAWESI,8.4,8.14,8.14,12.09,12.29,12.1,75.97,65.66,71.62,1.01,2.94,1.69,68.93,72.88,70.86,91.99,54.11,73.05,0.388,86.43,18418.4,206581,0.26,-0.2,-1.93,37.88,-3.95,-1.17044,1.85235,-0.99009,-0.34015,0.11346,8.36753,10.37984,G4,1.87775,119.50721,-1.48566
7606,Mamuju Tengah,SULAWESI BARAT,76,SULAWESI,8.33,8.0,8.1,12.65,13.22,12.69,73.7,64.05,69.17,1.01,2.69,1.58,68.52,72.45,70.44,91.11,49.77,70.44,0.455,86.91,5190.3,147788,0.33,-0.57,-1.68,41.34,-3.93,-0.72459,2.11406,-1.21778,-0.16837,0.5186,8.31223,10.42325,G4,2.14318,119.51844,-2.00777
8103,Kepulauan Tanimbar,MALUKU,81,MALUKU & PAPUA,10.07,9.93,9.93,12.4,13.2,12.58,71.73,63.15,68.47,4.61,3.73,4.21,68.62,72.55,70.53,68.7,57.57,63.14,0.5,88.04,3844.22,132317,0.14,-0.8,0.88,11.13,-3.93,-0.24013,0.4501,-1.08318,1.52424,1.4445,6.78124,9.53372,G2,2.41538,131.36676,-7.57942
8102,Maluku Tenggara,MALUKU,81,MALUKU & PAPUA,10.19,9.85,9.85,12.81,13.36,13.11,72.93,70.48,71.16,7.62,4.05,6.01,69.31,73.27,71.24,74.31,59.76,67.04,0.516,96.64,4669.57,127502,0.34,-0.55,3.57,14.55,-3.96,-0.08466,-0.39214,-0.07232,1.77267,2.11399,6.67703,9.62233,G2,2.93923,132.88792,-5.67412
8101,Maluku Tengah,MALUKU,81,MALUKU & PAPUA,10.14,10.06,10.06,14.06,15.33,14.68,76.65,75.81,75.87,7.04,6.78,6.93,69.35,73.31,71.28,75.1,57.23,66.17,0.519,98.9,12194.1,445618,0.08,-1.27,0.26,17.87,-3.96,1.29986,0.38301,-1.36651,2.06522,1.2283,8.18905,9.36868,,2.81657,129.29134,-3.15949
8104,Buru,MALUKU,81,MALUKU & PAPUA,9.51,9.01,9.28,13.19,13.96,13.25,77.84,71.54,73.24,3.49,6.63,4.66,68.64,72.57,70.56,89.29,55.58,72.44,0.581,91.91,3348.3,144124,0.5,-0.77,-3.14,33.71,-3.93,-0.02591,1.8397,-1.2137,0.7537,-0.25499,8.01894,10.22436,G4,1.99778,126.72129,-3.30294
8107,Kepulauan Aru,MALUKU,81,MALUKU & PAPUA,9.51,9.28,9.46,12.4,12.92,12.51,73.82,66.32,69.73,1.08,4.27,2.1,68.68,72.61,70.6,81.67,40.48,61.08,0.599,89.84,5123.71,110930,0.23,-0.52,-3.19,41.19,-3.93,0.30837,2.90554,-0.94285,0.2855,0.15412,8.16666,10.76085,G4,2.54043,134.45011,-6.1954
8106,Seram Bagian Barat,MALUKU,81,MALUKU & PAPUA,9.65,9.54,9.6,13.5,13.83,13.71,73.14,72.2,72.91,3.3,7.25,4.92,69.63,73.61,71.58,81.86,59.21,70.54,0.565,98.71,4330.02,229622,0.11,-0.33,-3.95,22.65,-3.98,0.2058,1.26872,-1.19056,1.17584,-1.02515,7.67418,9.84129,G2,2.18419,128.35668,-3.13052
8105,Seram Bagian Timur,MALUKU,81,MALUKU & PAPUA,9.67,8.59,9.25,13.03,13.49,13.07,74.97,67.07,71.1,3.67,2.47,3.18,67.26,71.22,69.19,72.76,50.66,61.71,0.604,89.46,3773.4,149475,1.08,-0.46,1.2,22.1,-3.96,-0.88274,0.9753,0.18445,1.6553,1.29422,5.98411,9.82348,G2,2.36457,130.44386,-3.42132
8108,Maluku Barat Daya,MALUKU,81,MALUKU & PAPUA,9.47,9.29,9.39,12.8,13.23,12.94,72.58,65.98,68.66,1.83,3.88,2.69,68.19,72.12,70.11,80.51,61.16,70.84,0.489,90.91,3437.34,88571,0.18,-0.43,-2.05,19.35,-3.93,-0.87957,0.95726,-1.5165,1.00749,-0.11337,6.78644,8.85014,G2,1.87806,127.31097,-7.83234
8109,Buru Selatan,MALUKU,81,MALUKU & PAPUA,9.11,8.42,8.74,12.98,13.08,13.01,75.38,65.93,69.36,0.78,2.01,1.29,68.62,72.55,70.54,82.95,61.2,72.08,0.592,87.46,1989.95,82219,0.69,-0.1,-1.23,21.75,-3.93,-1.65416,0.61029,-0.84874,0.78159,-0.21238,5.98454,8.89627,G2,1.47444,126.57639,-3.58277
8171,Kota Ambon,MALUKU,81,MALUKU & PAPUA,12.35,12.4,12.37,15.67,16.71,16.09,85.26,83.84,83.97,10.63,12.35,11.37,71.37,75.86,73.56,76.14,56.45,66.3,0.417,98.33,21016.49,366301,-0.05,-1.04,-1.72,19.69,-4.49,3.73968,-0.01545,-0.52625,2.702,-0.1896,13.33262,6.65272,G6,3.33826,128.17999,-3.67722
8172,Kota Tual,MALUKU,81,MALUKU & PAPUA,11.12,10.45,10.68,14.02,14.88,14.03,77.54,68.99,72.88,10.16,6.95,8.96,70.1,74.1,72.05,76.7,44.74,60.72,0.535,88.97,3603.92,93884,0.67,-0.86,3.21,31.96,-4.0,1.94995,0.70242,0.91909,2.11713,2.36731,7.26618,10.01433,,3.63464,132.44951,-5.55835
8201,Halmahera Barat,MALUKU UTARA,82,MALUKU & PAPUA,9.11,8.52,8.6,13.23,13.33,13.26,74.35,66.61,69.75,3.07,5.36,4.06,69.18,73.14,71.11,76.72,62.43,69.58,0.515,89.59,3169.6,139126,0.59,-0.1,-2.29,14.29,-3.96,-1.04849,0.69597,-0.51132,1.26524,-0.62297,6.09895,8.94219,G2,1.68781,127.58967,1.36416
8202,Halmahera Tengah,MALUKU UTARA,82,MALUKU & PAPUA,9.57,9.04,9.21,13.72,13.6,13.69,75.57,68.6,71.57,2.38,7.21,3.96,68.97,72.92,70.9,90.62,49.83,70.23,0.615,90.78,54961.04,63104,0.53,0.12,-4.83,40.79,-3.95,0.02491,2.41654,-0.28961,0.77752,-1.44934,7.96055,10.88063,G4,2.67209,128.28219,0.40274
8205,Kepulauan Sula,MALUKU UTARA,82,MALUKU & PAPUA,9.58,9.17,9.2,13.22,13.16,13.16,72.7,68.03,68.89,1.61,5.87,3.11,67.26,71.22,69.19,80.95,46.61,63.78,0.585,93.58,3617.08,110535,0.41,0.06,-4.26,34.34,-3.96,-0.29438,2.7236,-0.36473,1.07085,-0.86146,7.99845,10.78736,G4,2.66866,125.83907,-1.9633
8204,Halmahera Selatan,MALUKU UTARA,82,MALUKU & PAPUA,8.8,8.09,8.43,13.2,12.92,13.05,74.15,65.19,69.05,1.58,3.99,2.55,69.05,73.0,70.98,85.86,63.67,74.77,0.569,87.92,30766.41,269008,0.71,0.28,-2.41,22.19,-3.95,-1.71009,0.72772,-0.38038,0.77099,-0.9952,5.78364,8.78888,G2,1.74553,127.70201,-0.8196
8203,Halmahera Utara,MALUKU UTARA,82,MALUKU & PAPUA,9.25,8.57,8.84,13.81,13.74,13.81,76.25,69.32,71.25,7.24,5.77,6.7,70.35,74.36,72.3,87.35,54.12,70.74,0.512,90.91,7843.97,210263,0.68,0.07,1.47,33.23,-4.01,0.15557,0.52294,1.01229,1.209,0.84593,6.54392,9.68504,G2,1.80151,127.83106,1.54231
8206,Halmahera Timur,MALUKU UTARA,82,MALUKU & PAPUA,9.35,8.84,9.07,13.54,12.95,13.01,76.59,63.6,71.11,5.04,4.49,4.85,70.09,74.09,72.04,87.02,51.62,69.32,0.561,83.04,8316.9,99869,0.51,0.59,0.55,35.4,-4.0,-0.33261,0.95602,1.12593,0.84266,0.34483,6.50589,9.65617,G2,1.55442,128.30856,1.03117
8207,Pulau Morotai,MALUKU UTARA,82,MALUKU & PAPUA,8.37,7.43,7.91,13.19,13.11,13.19,73.72,53.79,67.86,3.73,6.59,4.74,69.69,73.67,71.63,84.04,49.31,66.68,0.495,72.97,2195.22,80968,0.94,0.08,-2.86,34.73,-3.98,-0.46193,2.04325,0.61908,0.65723,-0.61937,7.63747,10.61432,G4,2.00785,128.44836,2.31658
8208,Pulau Taliabu,MALUKU UTARA,82,MALUKU & PAPUA,8.46,8.01,8.15,12.79,13.12,12.89,71.57,61.08,65.61,2.01,6.11,3.4,65.59,69.56,67.52,83.69,46.74,65.22,0.58,85.34,2276.72,62230,0.45,-0.33,-4.1,36.95,-3.97,-0.69719,3.26499,-0.68982,0.83493,-0.30723,8.06632,10.75528,G4,2.90302,124.74064,-1.81886
8271,Kota Ternate,MALUKU UTARA,82,MALUKU & PAPUA,12.36,11.83,12.09,15.95,15.93,15.93,86.35,80.12,83.01,7.76,5.52,6.92,71.24,75.58,73.36,79.19,48.46,63.83,0.301,92.79,16572.43,216773,0.53,0.02,2.24,30.73,-4.34,2.3521,-0.53775,1.07552,2.50175,0.68375,12.67045,6.95707,G6,3.03474,127.17258,0.83884
8272,Kota Tidore Kepulauan,MALUKU UTARA,82,MALUKU & PAPUA,10.51,10.09,10.18,14.22,15.33,14.5,76.83,74.53,74.63,4.03,4.01,4.02,71.01,75.1,73.0,86.32,53.16,69.74,0.37,97.01,4078.61,121948,0.42,-1.11,0.02,33.16,-4.09,1.12611,0.39897,-1.29522,0.87929,0.81834,8.73939,9.85995,G4,1.80634,127.67367,0.4852
9203,Fakfak,PAPUA BARAT,92,MALUKU & PAPUA,10.84,8.97,9.35,14.8,15.38,14.8,78.2,66.76,72.0,5.11,8.44,6.4,69.84,73.83,71.78,75.82,49.99,62.91,0.424,85.37,6564.6,91441,1.87,-0.58,-3.33,25.83,-3.99,0.4049,1.40788,0.76037,2.10585,-1.00578,7.42336,10.79603,,2.71171,132.91208,-3.0593
9208,Kaimana,PAPUA BARAT,92,MALUKU & PAPUA,10.26,8.37,9.02,12.52,12.51,12.52,75.24,64.26,69.7,5.06,6.72,5.75,67.62,71.57,69.54,73.42,56.44,64.93,0.498,85.41,3200.22,67795,1.89,0.01,-1.66,16.98,-3.95,-1.52357,1.27065,1.37798,1.93985,-0.42836,5.68654,9.33872,G2,2.64588,134.0225,-3.61303
9207,Teluk Wondama,PAPUA BARAT,92,MALUKU & PAPUA,9.81,7.54,7.56,11.92,12.11,11.97,72.55,58.75,65.26,3.58,3.07,3.37,63.85,67.72,65.74,74.76,57.55,66.16,0.525,80.98,1923.45,46595,2.27,-0.19,0.51,17.21,-3.87,-3.33603,1.49928,1.2018,1.88567,0.81477,5.15944,9.27338,,3.14104,134.37449,-2.82281
9206,Teluk Bintuni,PAPUA BARAT,92,MALUKU & PAPUA,9.93,8.73,8.77,12.88,12.61,12.63,75.52,65.77,70.32,4.43,1.87,3.63,66.55,70.53,68.49,83.31,55.12,69.22,0.594,87.09,57214.58,92009,1.2,0.27,2.56,28.19,-3.98,-1.80778,0.71001,1.16834,1.43727,1.31674,5.5744,9.60002,,2.52318,133.30851,-2.0031
9202,Manokwari,PAPUA BARAT,92,MALUKU & PAPUA,11.18,8.89,8.89,14.02,13.84,13.87,82.84,70.97,75.96,6.73,3.91,5.65,70.93,74.97,72.9,80.79,54.07,67.43,0.514,85.67,12043.05,208021,2.29,0.18,2.82,26.72,-4.04,-0.89857,-0.35805,2.53883,1.70603,0.69189,5.59438,9.57035,G2,2.91303,133.85258,-0.90998
9211,Manokwari Selatan,PAPUA BARAT,92,MALUKU & PAPUA,10.18,6.71,7.33,12.84,13.25,12.84,72.31,50.54,63.24,3.42,1.55,2.62,66.59,70.57,68.53,81.87,65.19,73.53,0.495,69.89,1066.12,39571,3.47,-0.41,1.87,16.68,-3.98,-3.86636,-0.16868,1.7019,1.60952,0.49299,4.77635,8.00279,G1,3.00547,133.97209,-1.59418
9212,Pegunungan Arfak,PAPUA BARAT,92,MALUKU & PAPUA,9.08,5.5,5.84,11.82,9.46,11.81,67.13,54.45,59.53,0.51,0.95,0.72,65.98,69.97,67.92,90.22,89.32,89.77,0.603,81.11,385.06,42213,3.58,2.36,-0.44,0.9,-3.99,-7.61992,-1.40192,3.4073,1.48375,-2.81225,4.14132,8.23506,G1,6.12216,133.73389,-1.19539
9205,Raja Ampat,PAPUA BARAT DAYA,92,MALUKU & PAPUA,9.51,8.37,8.55,12.5,12.2,12.2,73.14,58.36,67.36,4.45,4.54,4.48,65.39,69.34,67.32,79.0,49.23,64.12,0.582,79.79,4309.74,71605,1.14,0.3,-0.09,29.77,-3.95,-1.5837,2.10691,1.26389,1.53599,0.66987,5.54341,9.6538,,2.77178,130.57428,-0.90015
9201,Sorong,PAPUA BARAT DAYA,92,MALUKU & PAPUA,9.74,8.81,9.02,14.12,13.95,14.1,75.47,65.83,70.6,4.53,4.16,4.39,68.47,72.4,70.38,84.28,54.64,69.46,0.501,87.23,13402.13,124207,0.93,0.17,0.37,29.64,-3.93,-0.63512,0.72087,0.63611,1.64721,0.28077,6.18556,9.68804,G2,1.86882,131.56428,-1.11623
9204,Sorong Selatan,PAPUA BARAT DAYA,92,MALUKU & PAPUA,9.8,8.06,8.06,14.07,13.13,13.32,71.21,60.14,65.45,4.77,0.91,3.14,65.47,69.43,67.4,76.61,61.12,68.87,0.58,84.45,2454.25,57297,1.74,0.94,3.86,15.49,-3.96,-3.07802,-0.25962,2.21427,2.37594,1.03345,4.93526,8.83115,,3.61078,132.15048,-1.71624
9210,Maybrat,PAPUA BARAT DAYA,92,MALUKU & PAPUA,9.76,7.41,7.66,14.53,13.45,13.52,70.35,56.29,62.68,6.35,0.97,3.78,64.31,68.21,66.21,83.94,77.06,80.5,0.505,80.01,899.8,48803,2.35,1.08,5.38,6.88,-3.9,-4.61289,-1.59615,2.447,2.86401,0.94295,4.68083,8.21126,G1,4.57977,132.37568,-1.32225
9209,Tambrauw,PAPUA BARAT DAYA,92,MALUKU & PAPUA,8.18,5.78,6.01,13.23,11.79,12.47,68.19,49.36,59.28,0.89,3.48,2.03,64.27,68.16,66.17,86.09,73.24,79.67,0.605,72.39,331.27,32070,2.4,1.44,-2.59,12.85,-3.89,-5.37098,0.85897,1.88993,1.61481,-2.06884,4.34083,8.18785,G1,4.32902,132.75113,-0.80671
9271,Kota Sorong,PAPUA BARAT DAYA,92,MALUKU & PAPUA,11.74,11.57,11.59,14.38,14.68,14.44,84.89,78.54,81.03,7.4,15.59,10.35,71.44,76.0,73.66,78.61,49.02,63.82,0.476,92.52,18037.5,302452,0.17,-0.3,-8.19,29.59,-4.56,3.14228,2.34206,-0.00291,1.53982,-2.78953,8.23928,11.19978,,4.26565,131.33784,-0.87048
9103,Jayapura,PAPUA,91,MALUKU & PAPUA,11.0,10.06,10.77,14.59,14.86,14.81,80.21,73.8,76.14,7.4,10.78,8.66,68.9,72.84,70.82,77.66,50.87,64.27,0.505,92.01,21530.02,174850,0.94,-0.27,-3.38,26.79,-3.94,1.34809,1.62454,0.57941,2.69947,-0.92557,7.42505,10.77268,,3.26313,139.97582,-2.9789
9105,Kepulauan Yapen,PAPUA,91,MALUKU & PAPUA,10.44,9.06,9.8,12.95,13.46,13.0,75.83,68.56,70.93,5.32,8.92,6.58,69.12,73.08,71.05,70.09,40.95,55.52,0.565,90.41,5533.05,120122,1.38,-0.51,-3.6,29.14,-3.96,0.70048,2.64328,0.90463,1.70373,-0.39931,7.41654,10.87761,,2.90566,136.17413,-1.7457
9106,Biak Numfor,PAPUA,91,MALUKU & PAPUA,10.96,10.27,10.69,14.26,14.24,14.25,79.98,73.14,75.48,7.06,6.32,6.74,69.28,73.24,71.21,81.3,66.05,73.68,0.458,91.45,6853.8,142790,0.69,0.02,0.74,15.25,-3.96,-0.13197,-0.55816,0.2371,2.42049,0.08886,6.57023,9.35661,G2,2.44192,135.84432,-1.00399
9110,Sarmi,PAPUA,91,MALUKU & PAPUA,10.06,9.19,9.79,13.14,12.61,12.61,74.11,62.87,68.78,4.32,4.44,4.37,68.34,72.27,70.25,80.36,63.94,72.15,0.495,84.83,4038.74,43475,0.87,0.53,-0.12,16.42,-3.93,-1.57979,0.19638,0.62775,1.67434,-0.24928,5.75774,8.92374,G2,1.94856,139.00317,-2.47188
9111,Keerom,PAPUA,91,MALUKU & PAPUA,9.09,8.27,8.78,12.73,12.52,12.53,75.07,66.56,70.43,3.75,4.04,3.87,68.37,72.31,70.29,87.71,68.69,78.2,0.517,88.66,3794.78,64833,0.82,0.21,-0.29,19.02,-3.94,-2.03728,0.14117,-0.07822,1.01913,-0.17115,5.67477,8.72382,G2,1.47988,140.68326,-3.33213
9115,Waropen,PAPUA,91,MALUKU & PAPUA,9.94,8.75,9.43,13.04,12.96,12.96,74.71,54.53,68.91,7.31,3.78,5.98,68.02,71.96,69.94,76.36,52.94,64.65,0.619,72.99,2598.74,36295,1.19,0.08,3.53,23.42,-3.94,-0.76084,0.33906,1.62339,2.01095,1.77434,5.63827,9.69042,G2,3.15771,136.72819,-2.74697
9119,Supiori,PAPUA,91,MALUKU & PAPUA,9.87,8.55,9.39,13.83,12.96,13.21,73.12,57.99,67.3,9.12,4.57,7.32,68.07,72.01,70.0,66.74,47.44,57.09,0.813,79.31,1311.97,25028,1.32,0.87,4.55,19.3,-3.94,-0.59893,0.30388,3.31023,2.81232,1.78733,5.72577,9.78,G2,4.45675,135.56466,-0.73209
9120,Mamberamo Raya,PAPUA,91,MALUKU & PAPUA,7.1,5.32,6.74,12.26,11.92,12.05,65.68,55.35,60.48,1.78,3.99,2.41,67.27,71.24,69.21,65.7,28.98,47.34,0.647,84.27,2419.65,40135,1.78,0.34,-2.21,36.72,-3.97,-1.28879,3.71399,2.30162,0.80815,0.22615,5.74972,9.85221,G2,3.78362,137.96907,-2.48962
9171,Kota Jayapura,PAPUA,91,MALUKU & PAPUA,12.4,11.91,12.08,15.54,15.27,15.28,85.1,80.9,82.26,7.13,8.7,7.68,70.38,74.39,72.34,74.5,46.0,60.25,0.389,95.06,42211.81,426109,0.49,0.27,-1.57,28.5,-4.01,2.16187,0.92369,1.03198,2.88908,-0.60444,7.26678,10.56022,,3.34556,140.8089,-2.65935
9101,Merauke,PAPUA SELATAN,91,MALUKU & PAPUA,9.78,9.35,9.61,14.51,14.49,14.49,79.94,71.94,75.11,4.15,4.69,4.35,69.7,73.69,71.65,79.57,52.08,65.83,0.387,89.99,21751.97,241544,0.43,0.02,-0.54,27.49,-3.99,0.34768,0.72744,0.05491,1.62696,0.05733,6.77563,10.09194,,1.7229,139.70434,-7.84015
9116,Boven Digoel,PAPUA SELATAN,91,MALUKU & PAPUA,9.77,8.88,9.43,11.96,11.62,11.69,73.72,60.04,68.62,4.43,2.24,3.66,67.7,71.65,69.63,78.87,51.09,64.98,0.523,81.44,6176.65,70275,0.89,0.34,2.19,27.78,-3.95,-1.35755,1.01715,1.18963,1.14062,1.37689,5.67348,9.76184,G2,2.414,140.36645,-5.987
9117,Mappi,PAPUA SELATAN,91,MALUKU & PAPUA,8.08,6.77,7.41,11.37,11.91,11.42,67.78,58.56,62.6,7.08,3.47,5.61,64.58,68.5,66.49,74.54,55.56,65.05,0.573,86.4,4108.58,116948,1.31,-0.54,3.61,18.98,-3.92,-2.2906,1.29188,0.97356,1.51524,2.73505,5.47357,9.58444,,3.82613,139.39901,-6.49581
9118,Asmat,PAPUA SELATAN,91,MALUKU & PAPUA,7.06,5.41,6.1,9.95,9.61,9.75,65.14,39.42,58.55,3.33,0.41,2.07,66.37,70.35,68.31,78.42,65.43,71.93,0.526,60.52,3682.97,120884,1.65,0.34,2.92,12.99,-3.98,-4.57898,0.53143,1.32737,0.13358,1.55924,4.33721,8.56131,G1,3.18995,138.56035,-5.36908
9109,Mimika,PAPUA TENGAH,91,MALUKU & PAPUA,10.82,10.45,10.73,13.13,13.36,13.17,82.36,65.28,77.27,6.78,6.68,6.75,71.3,75.71,73.45,84.56,47.77,66.17,0.437,79.26,131079.58,331628,0.37,-0.23,0.1,36.79,-4.41,1.54164,0.89395,0.64726,0.6937,0.58844,9.32485,10.40813,G4,1.54358,136.69389,-4.5005
9126,Dogiyai,PAPUA TENGAH,91,MALUKU & PAPUA,5.47,4.16,4.99,10.53,10.91,10.64,62.37,51.48,57.96,2.43,2.18,2.32,64.83,68.76,66.75,93.77,81.19,87.48,0.846,82.54,1727.31,127270,1.31,-0.38,0.25,12.58,-3.93,-5.15703,0.52241,-0.88683,-0.19124,0.671,3.87192,8.54141,G1,2.92698,135.6676,-4.01686
9128,Deiyai,PAPUA TENGAH,91,MALUKU & PAPUA,4.42,2.02,3.3,10.85,9.56,9.87,59.02,43.07,52.81,3.74,3.42,3.59,64.92,68.85,66.84,71.87,68.39,70.13,0.837,72.98,1842.83,108362,2.4,1.29,0.32,3.48,-3.93,-6.21272,1.26987,3.05377,0.65494,-0.06072,4.13529,8.42279,G1,4.34372,136.38462,-4.14029
9104,Nabire,PAPUA TENGAH,91,MALUKU & PAPUA,10.66,10.05,10.43,13.01,12.97,12.97,78.0,71.45,72.89,3.23,3.03,3.16,68.58,72.51,70.5,82.98,52.37,67.68,0.483,91.6,16117.65,176930,0.61,0.04,0.2,30.61,-3.93,-0.41403,0.92491,0.05289,1.29522,0.49543,6.2062,9.78628,G2,1.59832,135.58432,-3.37655
9108,Paniai,PAPUA TENGAH,91,MALUKU & PAPUA,5.1,3.59,4.82,11.07,10.19,10.55,65.52,46.61,60.04,3.82,4.56,4.13,67.92,71.86,69.84,72.62,62.8,67.71,0.844,71.14,5633.33,240343,1.51,0.88,-0.74,9.82,-3.94,-4.02156,1.33674,1.98067,0.34643,-0.16183,4.34827,8.43967,G1,2.9385,136.49284,-3.8052
9127,Intan Jaya,PAPUA TENGAH,91,MALUKU & PAPUA,4.79,2.2,3.38,8.5,7.17,7.84,58.28,43.41,51.56,7.43,8.81,8.05,64.93,68.86,66.85,60.23,53.43,56.83,0.858,74.49,1552.98,145902,2.59,1.33,-1.38,6.8,-3.93,-5.18592,3.37674,4.76069,0.69011,0.11288,4.31608,8.48959,G1,5.67219,136.74481,-3.53639
9125,Puncak,PAPUA TENGAH,91,MALUKU & PAPUA,2.79,1.66,2.4,5.91,5.44,5.61,47.88,41.71,45.95,0.0,0.3,0.14,65.01,68.95,66.94,93.06,91.58,92.32,0.683,87.11,1866.7,124408,1.13,0.47,-0.3,1.48,-3.94,-8.52284,0.97865,-0.47654,-2.54196,0.51372,3.81666,8.38752,G1,5.20831,137.40003,-3.61954
9107,Puncak Jaya,PAPUA TENGAH,91,MALUKU & PAPUA,5.68,4.46,4.59,7.69,7.66,7.66,59.03,42.09,53.18,1.23,1.52,1.36,66.22,70.2,68.16,84.94,84.0,84.47,0.554,71.3,1785.74,237443,1.22,0.03,-0.29,0.94,-3.98,-6.37195,0.59243,-0.51492,-1.27464,0.48033,3.76913,8.51823,G1,3.64834,137.84376,-3.46022
9124,Nduga,PAPUA PEGUNUNGAN,91,MALUKU & PAPUA,2.95,2.19,2.19,5.63,4.45,4.73,43.65,40.2,40.35,2.0,1.68,1.85,62.16,65.89,63.94,92.79,93.39,93.09,0.649,92.1,1735.68,114889,0.76,1.18,0.32,-0.6,-3.73,-9.30151,1.59068,0.26666,-1.87933,0.81359,3.7951,8.40473,G1,5.42863,138.24047,-4.42739
9102,Jayawijaya,PAPUA PEGUNUNGAN,91,MALUKU & PAPUA,7.19,5.55,6.15,13.44,12.19,12.86,69.41,60.53,66.02,3.19,3.17,3.18,68.45,72.38,70.37,85.11,69.73,77.42,0.605,87.21,12162.37,283894,1.64,1.25,0.02,15.38,-3.93,-3.7348,-0.0636,1.82417,1.04964,-0.90809,4.56306,8.08697,G1,2.88586,138.86934,-4.08826
9123,Lanny Jaya,PAPUA PEGUNUNGAN,91,MALUKU & PAPUA,4.98,2.7,3.87,10.6,9.53,9.73,55.24,52.24,52.47,0.35,0.67,0.5,65.5,69.46,67.43,96.71,95.91,96.31,0.604,94.57,2760.62,211334,2.28,1.07,-0.32,0.8,-3.96,-7.96117,-0.70592,0.70668,-0.42628,-1.18786,3.87569,8.36096,G1,4.45028,138.27098,-3.98567
9114,Tolikara,PAPUA PEGUNUNGAN,91,MALUKU & PAPUA,4.87,2.36,3.7,9.4,8.8,9.04,60.38,38.75,52.71,0.66,1.36,0.98,65.59,69.56,67.52,94.68,93.26,93.97,0.352,64.18,2307.79,248306,2.51,0.6,-0.7,1.42,-3.97,-7.85896,-0.2328,0.59773,-0.72344,-0.88571,3.86232,8.3423,G1,4.30444,138.40859,-3.48393
9121,Mamberamo Tengah,PAPUA PEGUNUNGAN,91,MALUKU & PAPUA,5.56,3.26,3.99,10.53,9.46,9.79,56.99,51.63,53.36,4.15,1.29,2.86,67.16,71.12,69.09,89.73,82.94,86.34,0.54,90.59,1670.68,54365,2.3,1.07,2.86,6.79,-3.96,-6.58268,-0.63089,2.19875,-0.18754,0.40418,3.90641,8.37022,G1,3.97884,139.02766,-3.60863
9122,Yalimo,PAPUA PEGUNUNGAN,91,MALUKU & PAPUA,5.61,3.83,3.83,10.28,9.84,9.85,60.19,52.04,52.63,0.14,1.3,0.68,64.62,68.54,66.53,91.13,90.72,90.93,0.832,86.46,1848.41,109875,1.78,0.44,-1.16,0.41,-3.92,-7.18531,0.10291,-0.30393,-0.35127,-0.70183,3.73727,8.43335,G1,3.84797,139.45859,-3.81388
9113,Yahukimo,PAPUA PEGUNUNGAN,91,MALUKU & PAPUA,5.86,3.29,4.36,8.47,8.06,8.06,61.18,47.18,52.48,1.37,2.29,1.78,64.76,68.69,66.68,96.01,91.82,93.92,0.868,77.12,3435.11,377486,2.57,0.41,-0.92,4.19,-3.93,-7.81973,0.30969,0.59874,-0.78535,-0.62601,3.70298,8.4641,G1,4.24266,139.60325,-4.48921
9112,Pegunungan Bintang,PAPUA PEGUNUNGAN,91,MALUKU & PAPUA,5.5,2.89,3.59,7.27,7.59,7.3,57.26,47.67,50.56,3.58,2.11,2.92,64.59,68.51,66.5,90.44,89.32,89.88,0.607,83.25,2740.12,84709,2.61,-0.32,1.47,1.12,-3.92,-7.714,0.33167,0.54231,-0.97894,1.09514,3.71375,8.48037,G1,4.34023,140.53269,-4.5175
